plant,month,t_mean,hdd_15,hdd_18,cdd_18,cdd_22,ah_mean,ldd
AZ,2022-01,11.469,109.5,202.5,0.0,0.0,4.147,0.0
AZ,2022-02,12.72,74.6,147.8,0.0,0.0,2.798,0.0
AZ,2022-03,17.432,20.0,56.7,39.1,8.1,2.839,0.0
AZ,2022-04,23.184,0.0,2.3,157.9,58.5,2.817,0.0
AZ,2022-05,27.873,0.0,0.0,306.1,182.1,2.932,0.0
AZ,2022-06,33.277,0.0,0.0,458.3,338.3,6.54,5.7
AZ,2022-07,34.228,0.0,0.0,503.1,379.1,10.456,49.6
AZ,2022-08,32.171,0.0,0.0,439.3,315.3,13.39,109.0
AZ,2022-09,31.129,0.0,0.0,393.9,273.9,10.132,42.3
AZ,2022-10,23.207,0.0,4.9,166.3,76.3,6.904,1.2
AZ,2022-11,14.114,45.6,120.0,3.5,0.0,3.515,0.0
AZ,2022-12,10.793,132.1,223.4,0.0,0.0,5.373,0.1
AZ,2023-01,9.619,166.8,259.8,0.0,0.0,4.811,0.0
AZ,2023-02,11.158,108.2,191.6,0.0,0.0,3.926,0.0
AZ,2023-03,14.183,50.0,120.8,2.5,0.0,4.932,0.0
AZ,2023-04,22.287,5.2,16.6,145.2,57.5,2.673,0.0
AZ,2023-05,27.059,0.0,0.0,280.8,158.8,4.155,0.0
AZ,2023-06,30.29,0.0,0.0,368.7,248.7,3.376,0.0
AZ,2023-07,37.225,0.0,0.0,596.0,472.0,7.77,4.2
AZ,2023-08,34.585,0.0,0.0,514.1,390.1,10.082,29.2
AZ,2023-09,30.669,0.0,0.0,380.1,260.1,7.08,17.1
AZ,2023-10,25.782,0.0,0.0,241.2,126.1,4.989,0.0
AZ,2023-11,18.33,6.5,42.6,52.5,6.8,4.829,0.6
AZ,2023-12,13.037,72.5,153.9,0.0,0.0,4.112,0.0
AZ,2024-01,10.348,145.0,237.2,0.0,0.0,4.652,0.0
AZ,2024-02,13.014,71.9,145.5,0.9,0.0,5.496,0.0
AZ,2024-03,15.33,22.4,87.4,4.6,0.0,5.029,0.0
AZ,2024-04,20.545,11.7,30.9,107.3,37.7,3.935,0.0
AZ,2024-05,27.028,0.0,0.0,279.9,156.3,3.119,0.0
AZ,2024-06,33.981,0.0,0.0,479.4,359.4,6.483,16.4
AZ,2024-07,36.133,0.0,0.0,562.1,438.1,9.919,28.8
AZ,2024-08,34.681,0.0,0.0,517.1,393.1,10.358,34.4
AZ,2024-09,32.452,0.0,0.0,433.6,313.6,6.268,0.0
AZ,2024-10,26.903,0.0,4.8,280.8,175.2,4.06,0.0
AZ,2024-11,15.426,23.4,78.9,1.7,0.0,3.228,0.0
AZ,2024-12,14.738,31.4,101.5,0.4,0.0,2.854,0.0
AZ,2025-01,10.844,129.8,221.8,0.0,0.0,2.128,0.0
AZ,2025-02,16.731,8.6,47.9,12.4,0.0,2.978,0.0
AZ,2025-03,16.996,28.2,75.9,44.8,12.6,3.933,0.0
AZ,2025-04,21.793,1.7,15.3,129.1,47.9,3.037,0.0
AZ,2025-05,26.858,0.0,0.8,275.4,160.9,3.44,0.0
AZ,2025-06,32.752,0.0,0.0,442.5,322.5,4.77,4.5
AZ,2025-07,33.982,0.0,0.0,495.4,371.4,8.382,16.3
AZ,2025-08,35.153,0.0,0.0,531.8,407.7,8.524,13.3
AZ,2025-09,30.246,0.0,0.0,367.4,247.4,10.512,40.1
AZ,2025-10,22.514,0.0,0.0,139.9,41.6,8.337,19.5
AZ,2025-11,17.837,13.1,50.7,45.8,1.3,6.216,0.0
AZ,2025-12,14.379,40.7,113.4,1.1,0.0,5.34,0.0
AZ,2026-01,12.72,72.2,163.7,0.0,0.0,4.844,0.0
AZ,2026-02,17.619,14.7,40.2,29.5,2.3,4.142,0.0
AZ,2026-03,24.099,0.0,4.2,193.2,94.9,3.592,0.0
AZ,2026-04,24.189,0.0,0.0,185.7,70.7,3.486,0.0
AZ,2026-05,27.498,0.0,0.0,294.4,172.0,3.909,0.0
AZ,2026-06,33.505,0.0,0.0,465.1,345.1,5.078,0.0
AZ,2026-07,34.138,0.0,0.0,484.1,364.1,10.359,59.4
GM1,2022-01,-5.043,621.3,714.3,0.0,0.0,1.992,0.0
GM1,2022-02,-1.794,470.2,554.2,0.0,0.0,2.565,0.0
GM1,2022-03,4.459,326.8,419.8,0.0,0.0,3.843,0.0
GM1,2022-04,8.303,212.5,294.8,3.9,0.0,4.909,0.2
GM1,2022-05,16.391,29.6,77.4,27.5,4.3,8.888,18.1
GM1,2022-06,20.166,0.3,13.7,78.6,19.4,10.206,37.8
GM1,2022-07,23.032,0.0,0.0,156.0,37.3,11.926,66.4
GM1,2022-08,21.569,0.0,0.0,110.6,18.5,12.477,79.8
GM1,2022-09,17.859,21.4,48.2,43.9,0.2,10.127,32.2
GM1,2022-10,10.847,128.8,221.8,0.0,0.0,5.294,0.0
GM1,2022-11,6.391,264.2,348.4,0.1,0.0,4.642,0.6
GM1,2022-12,-0.139,469.3,562.3,0.0,0.0,3.041,0.0
GM1,2023-01,1.647,414.0,507.0,0.0,0.0,3.685,0.0
GM1,2023-02,2.033,363.1,447.1,0.0,0.0,3.183,0.0
GM1,2023-03,3.076,369.7,462.7,0.0,0.0,3.346,0.0
GM1,2023-04,10.628,152.6,223.6,2.4,0.0,5.435,0.1
GM1,2023-05,14.64,57.5,118.3,14.2,1.0,6.576,1.1
GM1,2023-06,19.088,0.8,18.1,50.8,5.5,9.116,20.4
GM1,2023-07,22.164,0.0,0.0,129.1,18.8,12.921,91.1
GM1,2023-08,20.628,0.0,2.3,83.7,5.5,11.783,59.9
GM1,2023-09,18.138,0.8,35.4,39.6,11.6,10.056,31.0
GM1,2023-10,12.601,109.6,177.7,10.3,0.0,6.927,4.1
GM1,2023-11,5.164,295.1,385.1,0.0,0.0,3.822,0.0
GM1,2023-12,4.149,336.4,429.4,0.0,0.0,4.172,0.0
GM1,2024-01,-1.26,504.1,597.1,0.0,0.0,2.961,0.0
GM1,2024-02,2.083,374.6,461.6,0.0,0.0,3.241,0.0
GM1,2024-03,5.825,284.4,377.4,0.0,0.0,4.308,0.0
GM1,2024-04,11.425,123.6,201.8,4.5,0.0,6.321,1.8
GM1,2024-05,17.436,13.9,46.0,28.5,0.7,9.451,18.2
GM1,2024-06,21.18,2.1,11.3,106.7,32.7,11.602,66.2
GM1,2024-07,22.896,0.0,1.0,152.8,41.3,12.484,83.9
GM1,2024-08,21.722,0.0,5.8,121.2,31.5,12.646,92.9
GM1,2024-09,19.393,2.2,13.6,55.4,0.5,10.198,30.3
GM1,2024-10,12.906,84.8,159.0,1.1,0.0,6.551,1.5
GM1,2024-11,7.929,218.9,302.9,0.8,0.0,5.204,0.6
GM1,2024-12,0.771,441.1,534.1,0.0,0.0,3.365,0.0
GM1,2025-01,-5.496,635.4,728.4,0.0,0.0,1.941,0.0
GM1,2025-02,-2.021,476.6,560.6,0.0,0.0,2.469,0.0
GM1,2025-03,6.197,275.3,365.9,0.0,0.0,3.985,0.0
GM1,2025-04,10.102,163.7,238.7,1.8,0.0,5.58,0.6
GM1,2025-05,14.374,46.6,117.8,5.4,0.0,8.215,8.9
GM1,2025-06,21.587,4.4,11.3,118.9,38.2,13.175,106.8
GM1,2025-07,23.779,0.0,0.0,179.2,59.1,14.575,142.5
GM1,2025-08,21.322,0.0,11.5,114.5,30.5,10.648,44.0
GM1,2025-09,19.452,0.0,7.3,50.9,0.8,9.279,15.6
GM1,2025-10,12.553,104.7,176.3,7.5,0.0,6.327,1.9
GM1,2025-11,4.99,300.3,390.3,0.0,0.0,4.112,0.0
GM1,2025-12,-2.034,528.1,621.1,0.0,0.0,2.602,0.0
GM1,2026-01,-5.595,638.5,731.5,0.0,0.0,2.142,0.0
GM1,2026-02,-2.023,476.6,560.6,0.0,0.0,2.726,0.0
GM1,2026-03,6.652,264.4,352.4,0.6,0.0,4.735,1.0
GM1,2026-04,12.672,106.9,169.1,9.3,0.0,6.958,3.9
GM1,2026-05,13.921,75.5,143.2,16.7,2.3,7.379,11.1
GM1,2026-06,20.237,0.0,7.9,75.0,13.0,10.931,51.9
GM1,2026-07,23.346,0.0,0.4,160.8,58.4,13.632,112.0
GM2,2022-01,2.116,403.8,493.8,1.3,0.0,3.405,3.4
GM2,2022-02,5.679,261.8,345.0,0.0,0.0,4.127,0.0
GM2,2022-03,11.199,131.1,213.7,2.9,0.0,5.581,0.0
GM2,2022-04,14.246,67.4,127.8,15.2,0.0,7.134,4.8
GM2,2022-05,21.413,0.2,5.5,111.3,27.2,11.449,52.8
GM2,2022-06,26.17,0.0,0.0,245.1,125.1,12.731,97.2
GM2,2022-07,27.585,0.0,0.0,297.1,173.1,16.249,193.7
GM2,2022-08,25.433,0.0,0.0,230.4,106.4,15.331,165.3
GM2,2022-09,22.254,0.0,7.6,135.2,40.8,11.056,61.4
GM2,2022-10,15.523,33.9,82.8,6.0,0.0,6.231,0.2
GM2,2022-11,10.648,159.0,223.6,3.0,0.0,6.016,4.9
GM2,2022-12,6.161,278.2,367.0,0.0,0.0,5.173,4.9
GM2,2023-01,7.922,223.2,312.4,0.0,0.0,5.619,2.5
GM2,2023-02,9.897,159.0,230.6,3.8,0.0,5.791,3.2
GM2,2023-03,10.946,144.3,220.9,2.3,0.0,5.684,1.7
GM2,2023-04,14.711,45.0,108.0,9.3,0.8,7.311,4.9
GM2,2023-05,19.524,8.6,23.0,70.2,4.3,10.589,49.8
GM2,2023-06,23.579,0.0,0.0,167.4,56.7,12.062,69.3
GM2,2023-07,26.085,0.0,0.0,250.7,126.6,16.109,189.4
GM2,2023-08,25.731,0.0,0.0,239.7,115.8,15.649,175.6
GM2,2023-09,23.215,0.0,0.0,156.5,43.7,11.3,49.9
GM2,2023-10,17.895,21.3,54.9,51.7,9.7,7.849,5.2
GM2,2023-11,11.26,128.4,205.7,3.5,0.0,5.284,0.0
GM2,2023-12,7.53,231.6,324.6,0.0,0.0,4.872,0.6
GM2,2024-01,2.1,399.9,492.9,0.0,0.0,3.833,0.0
GM2,2024-02,9.05,176.2,259.8,0.2,0.0,5.143,0.2
GM2,2024-03,12.17,98.9,180.7,0.0,0.0,6.283,2.0
GM2,2024-04,16.101,40.2,84.5,27.5,0.0,8.279,16.2
GM2,2024-05,20.916,0.0,1.5,91.9,8.2,12.447,81.5
GM2,2024-06,24.736,0.0,0.0,202.1,91.6,14.273,129.4
GM2,2024-07,25.858,0.0,0.0,243.6,119.6,15.832,180.8
GM2,2024-08,25.878,0.0,0.0,244.2,121.4,13.473,110.2
GM2,2024-09,22.499,0.0,0.8,135.8,37.5,12.351,81.8
GM2,2024-10,17.943,17.7,44.0,42.3,4.0,8.359,17.1
GM2,2024-11,13.438,87.5,145.9,9.0,0.0,7.844,14.5
GM2,2024-12,6.601,260.4,353.4,0.0,0.0,4.878,0.0
GM2,2025-01,1.29,425.0,518.0,0.0,0.0,2.994,0.0
GM2,2025-02,6.654,236.2,317.7,0.0,0.0,4.932,2.0
GM2,2025-03,12.265,103.1,178.7,0.9,0.0,5.726,2.4
GM2,2025-04,17.178,35.9,69.9,45.2,3.7,9.157,31.1
GM2,2025-05,19.213,5.8,21.0,58.6,8.2,11.409,59.6
GM2,2025-06,24.466,0.0,0.0,194.0,75.2,15.896,176.9
GM2,2025-07,27.15,0.0,0.0,283.7,159.7,17.271,225.4
GM2,2025-08,25.343,0.0,0.0,227.6,104.9,13.524,125.6
GM2,2025-09,23.32,0.0,0.0,159.6,49.0,11.623,55.5
GM2,2025-10,17.485,24.2,59.3,43.3,3.6,8.493,16.8
GM2,2025-11,11.649,118.1,191.7,1.2,0.0,6.571,7.1
GM2,2025-12,5.819,297.1,378.2,0.6,0.0,4.832,7.7
GM2,2026-01,3.175,369.4,459.6,0.0,0.0,3.821,1.5
GM2,2026-02,6.965,227.9,309.0,0.0,0.0,4.732,0.6
GM2,2026-03,14.769,64.2,118.2,18.0,0.0,7.609,10.3
GM2,2026-04,18.831,7.8,30.8,55.8,0.8,8.688,14.9
GM2,2026-05,19.858,6.0,24.4,82.0,17.7,10.894,69.1
GM2,2026-06,24.3,0.0,0.0,189.0,71.4,14.325,131.0
GM2,2026-07,26.502,0.0,0.0,255.1,135.1,17.34,220.2
HD,2022-01,-3.22,564.8,657.8,0.0,0.0,2.167,0.0
HD,2022-02,-0.085,422.4,506.4,0.0,0.0,2.752,0.0
HD,2022-03,6.865,254.7,345.2,0.0,0.0,4.238,0.0
HD,2022-04,9.828,170.9,250.0,4.8,0.0,5.34,0.4
HD,2022-05,18.116,9.9,41.0,44.6,7.6,9.513,22.6
HD,2022-06,22.304,0.0,0.6,129.7,44.5,10.857,55.1
HD,2022-07,24.423,0.0,0.0,199.1,76.5,13.099,98.0
HD,2022-08,22.81,0.0,0.0,149.1,39.0,12.958,94.8
HD,2022-09,19.363,12.0,31.0,71.9,7.1,9.903,33.9
HD,2022-10,12.485,88.8,171.0,0.0,0.0,4.934,0.0
HD,2022-11,7.224,240.8,323.8,0.6,0.0,4.342,0.0
HD,2022-12,0.985,434.5,527.5,0.0,0.0,3.372,0.0
HD,2023-01,2.977,372.7,465.7,0.0,0.0,3.98,0.2
HD,2023-02,4.565,293.4,376.2,0.0,0.0,3.757,0.0
HD,2023-03,5.193,304.0,397.0,0.0,0.0,3.792,0.0
HD,2023-04,11.599,122.7,195.9,3.8,0.0,5.558,1.6
HD,2023-05,16.012,37.3,79.6,18.0,0.4,7.614,7.7
HD,2023-06,20.328,0.0,4.3,74.2,9.9,9.383,22.3
HD,2023-07,23.437,0.0,0.0,168.5,48.0,13.711,115.0
HD,2023-08,22.594,0.0,0.0,142.4,40.0,12.193,74.6
HD,2023-09,20.492,0.0,2.6,77.4,19.7,9.608,24.8
HD,2023-10,14.063,77.6,139.7,17.7,0.4,6.91,1.8
HD,2023-11,6.582,254.5,342.5,0.0,0.0,4.019,0.0
HD,2023-12,4.577,323.1,416.1,0.0,0.0,4.103,0.0
HD,2024-01,-0.908,493.2,586.2,0.0,0.0,3.036,0.0
HD,2024-02,3.825,324.1,411.1,0.0,0.0,3.659,0.0
HD,2024-03,7.724,225.5,318.6,0.0,0.0,4.687,0.0
HD,2024-04,13.115,94.7,157.9,11.3,0.0,6.778,1.6
HD,2024-05,18.941,2.8,20.0,49.2,3.3,10.293,34.5
HD,2024-06,22.544,0.0,4.2,140.5,49.6,11.808,69.7
HD,2024-07,23.602,0.0,0.0,173.7,56.4,12.804,93.4
HD,2024-08,23.087,0.0,2.4,160.1,60.0,12.304,87.0
HD,2024-09,21.097,0.9,7.6,100.5,18.8,9.71,32.8
HD,2024-10,14.366,59.7,121.0,8.3,0.0,6.538,2.4
HD,2024-11,9.123,188.9,269.9,3.6,0.0,5.63,0.6
HD,2024-12,2.211,396.5,489.5,0.0,0.0,3.689,0.0
HD,2025-01,-5.681,641.1,734.1,0.0,0.0,2.024,0.0
HD,2025-02,-0.176,424.9,508.9,0.0,0.0,2.845,0.0
HD,2025-03,8.265,217.3,302.9,1.1,0.0,4.408,0.0
HD,2025-04,12.231,116.4,180.8,7.8,0.0,6.42,3.5
HD,2025-05,15.784,26.7,82.4,13.7,1.4,8.386,11.9
HD,2025-06,22.835,1.0,5.8,150.9,50.6,13.583,118.6
HD,2025-07,24.925,0.0,0.0,214.7,91.2,15.55,172.1
HD,2025-08,21.992,0.0,5.1,128.8,39.6,11.822,78.7
HD,2025-09,20.643,0.0,5.2,84.5,9.3,8.955,13.2
HD,2025-10,13.791,81.3,144.9,14.4,0.0,6.668,3.3
HD,2025-11,6.017,269.5,359.5,0.0,0.0,4.38,0.0
HD,2025-12,-0.569,482.7,575.7,0.0,0.0,3.12,0.0
HD,2026-01,-4.428,602.3,695.3,0.0,0.0,2.226,0.0
HD,2026-02,-1.41,459.5,543.5,0.0,0.0,3.002,0.0
HD,2026-03,9.407,195.0,269.0,2.7,0.0,5.503,2.2
HD,2026-04,15.266,60.3,105.8,23.8,0.1,7.232,3.2
HD,2026-05,16.076,43.3,89.4,29.7,5.5,7.96,20.9
HD,2026-06,21.788,0.0,1.9,115.5,32.7,11.742,72.2
HD,2026-07,24.497,0.0,0.0,194.9,83.1,14.361,133.1
HG,2022-01,9.476,186.0,272.8,8.5,0.5,5.415,6.1
HG,2022-02,13.497,85.0,141.6,15.6,0.0,7.016,7.4
HG,2022-03,16.688,21.1,64.7,24.0,1.0,8.365,22.0
HG,2022-04,18.82,6.8,23.9,48.5,0.9,9.229,24.6
HG,2022-05,23.566,0.0,0.5,173.1,65.5,13.215,111.4
HG,2022-06,26.874,0.0,0.0,266.2,146.2,15.494,164.8
HG,2022-07,27.057,0.0,0.0,280.8,156.8,18.326,258.1
HG,2022-08,26.216,0.0,0.0,254.7,130.7,17.447,230.9
HG,2022-09,24.046,0.0,2.0,183.4,75.0,14.393,142.6
HG,2022-10,18.709,10.4,25.8,47.8,0.8,9.239,24.4
HG,2022-11,16.584,36.7,77.9,35.4,1.5,9.006,29.8
HG,2022-12,11.028,150.2,221.6,5.5,0.0,6.727,11.0
HG,2023-01,12.878,90.7,160.9,2.2,0.0,7.031,8.8
HG,2023-02,16.046,40.2,82.4,27.6,1.6,8.974,19.9
HG,2023-03,16.822,33.1,78.6,42.1,3.3,8.382,20.6
HG,2023-04,19.637,6.5,19.4,68.5,5.0,9.521,30.0
HG,2023-05,21.164,1.6,6.4,104.5,19.7,11.47,67.7
HG,2023-06,24.979,0.0,0.0,209.4,89.6,14.693,140.8
HG,2023-07,28.11,0.0,0.0,313.4,189.4,17.616,236.1
HG,2023-08,27.725,0.0,0.0,301.5,177.5,18.258,256.0
HG,2023-09,24.206,0.0,0.0,186.2,67.9,14.058,122.5
HG,2023-10,19.462,0.9,14.2,59.5,4.5,10.173,39.6
HG,2023-11,14.714,50.4,106.6,8.0,0.0,7.417,9.2
HG,2023-12,11.987,115.6,189.8,3.4,0.0,6.985,13.1
HG,2024-01,10.085,171.3,250.4,5.0,0.0,6.254,10.0
HG,2024-02,12.036,93.9,173.0,0.0,0.0,6.163,2.0
HG,2024-03,16.284,17.5,62.7,9.5,0.0,8.465,14.7
HG,2024-04,19.203,5.3,26.3,62.4,5.7,9.189,22.4
HG,2024-05,23.518,0.0,0.0,171.1,52.7,13.537,111.9
HG,2024-06,26.685,0.0,0.0,260.5,140.5,15.219,156.6
HG,2024-07,27.505,0.0,0.0,294.7,170.7,18.51,263.8
HG,2024-08,26.526,0.0,0.0,264.3,140.3,17.482,231.9
HG,2024-09,24.252,0.0,0.0,187.5,67.8,15.358,160.7
HG,2024-10,20.173,3.9,18.1,85.4,12.6,10.271,49.7
HG,2024-11,17.443,29.7,66.0,49.3,3.5,10.345,52.6
HG,2024-12,11.054,141.7,216.0,0.7,0.0,6.417,7.9
HG,2025-01,6.35,269.9,361.2,0.0,0.0,4.024,0.0
HG,2025-02,14.504,64.0,112.0,14.2,0.0,7.237,6.0
HG,2025-03,16.064,24.2,71.3,11.3,0.0,6.787,9.1
HG,2025-04,20.771,0.0,11.2,94.4,14.5,10.374,43.2
HG,2025-05,23.979,0.0,0.0,185.3,64.1,13.314,110.0
HG,2025-06,26.39,0.0,0.0,251.7,131.7,16.709,201.3
HG,2025-07,27.91,0.0,0.0,307.2,183.2,18.698,269.6
HG,2025-08,25.63,0.0,0.0,236.5,112.5,17.366,228.3
HG,2025-09,24.072,0.0,0.0,182.2,62.2,13.787,113.6
HG,2025-10,19.017,3.0,24.4,55.9,8.2,10.432,41.9
HG,2025-11,15.425,43.1,94.8,17.6,0.0,7.66,13.1
HG,2025-12,11.336,133.9,208.9,2.4,0.0,6.565,1.5
HG,2026-01,10.029,169.6,249.5,2.4,0.0,5.561,5.5
HG,2026-02,11.629,122.4,189.0,10.6,0.8,6.236,7.0
HG,2026-03,17.906,23.3,55.3,52.3,6.0,8.561,20.3
HG,2026-04,21.223,0.0,4.3,101.0,19.9,8.788,12.4
HG,2026-05,22.911,0.0,3.3,155.5,54.6,13.263,110.7
HG,2026-06,26.33,0.0,0.0,249.9,130.6,15.453,167.8
HG,2026-07,28.715,0.0,0.0,321.5,201.5,17.604,228.1
HM,2022-01,25.61,0.0,0.0,235.9,111.9,17.882,244.3
HM,2022-02,25.622,0.0,0.0,213.4,101.4,17.918,221.7
HM,2022-03,26.078,0.0,0.0,250.4,126.4,18.387,260.0
HM,2022-04,26.17,0.0,0.0,245.1,125.1,18.335,250.1
HM,2022-05,26.275,0.0,0.0,256.5,132.5,18.582,266.1
HM,2022-06,25.36,0.0,0.0,220.8,100.8,17.714,231.4
HM,2022-07,25.799,0.0,0.0,241.8,117.8,17.582,235.1
HM,2022-08,26.212,0.0,0.0,254.6,130.6,17.182,222.6
HM,2022-09,26.385,0.0,0.0,251.6,131.6,17.33,219.9
HM,2022-10,25.923,0.0,0.0,245.6,121.6,18.101,251.1
HM,2022-11,25.927,0.0,0.0,237.8,117.8,17.993,239.8
HM,2022-12,25.663,0.0,0.0,237.6,113.6,17.941,246.2
HM,2023-01,25.638,0.0,0.0,236.8,112.8,17.638,236.8
HM,2023-02,25.054,0.0,0.0,197.5,85.5,17.569,211.9
HM,2023-03,25.692,0.0,0.0,238.4,114.4,18.036,249.1
HM,2023-04,26.387,0.0,0.0,251.6,131.6,18.202,246.1
HM,2023-05,26.75,0.0,0.0,271.3,147.3,18.412,260.8
HM,2023-06,26.553,0.0,0.0,256.6,136.6,17.793,233.8
HM,2023-07,26.456,0.0,0.0,262.1,138.1,16.584,204.1
HM,2023-08,27.356,0.0,0.0,290.0,166.0,15.82,180.4
HM,2023-09,28.108,0.0,0.0,303.2,183.2,14.872,146.2
HM,2023-10,28.919,0.0,0.0,338.5,214.5,16.411,198.7
HM,2023-11,27.504,0.0,0.0,285.1,165.1,18.586,257.6
HM,2023-12,26.96,0.0,0.0,277.8,153.8,18.742,271.0
HM,2024-01,26.32,0.0,0.0,257.9,133.9,18.833,273.8
HM,2024-02,26.357,0.0,0.0,242.3,126.3,19.121,264.5
HM,2024-03,26.406,0.0,0.0,260.6,136.6,18.84,274.1
HM,2024-04,26.915,0.0,0.0,267.5,147.5,19.754,292.6
HM,2024-05,27.339,0.0,0.0,289.5,165.5,18.912,276.3
HM,2024-06,26.358,0.0,0.0,250.7,130.8,18.266,248.0
HM,2024-07,25.82,0.0,0.0,242.4,118.4,16.873,213.1
HM,2024-08,27.109,0.0,0.0,282.4,158.4,16.486,201.1
HM,2024-09,27.75,0.0,0.0,292.5,172.5,16.893,206.8
HM,2024-10,28.362,0.0,0.0,321.2,197.2,17.493,232.3
HM,2024-11,26.905,0.0,0.0,267.2,147.2,18.808,264.2
HM,2024-12,26.272,0.0,0.0,256.4,132.4,18.37,259.5
HM,2025-01,25.799,0.0,0.0,241.8,117.8,18.169,253.2
HM,2025-02,25.683,0.0,0.0,215.1,103.1,18.333,233.3
HM,2025-03,26.065,0.0,0.0,250.0,126.0,18.538,264.7
HM,2025-04,26.123,0.0,0.0,243.7,123.7,18.62,258.6
HM,2025-05,26.391,0.0,0.0,260.1,136.1,18.878,275.2
HM,2025-06,25.996,0.0,0.0,239.9,119.9,18.068,242.0
HM,2025-07,26.115,0.0,0.0,251.6,127.6,17.155,221.8
HM,2025-08,25.955,0.0,0.0,246.6,122.6,17.165,222.1
HM,2025-09,26.838,0.0,0.0,265.1,145.1,17.257,217.7
HM,2025-10,26.76,0.0,0.0,271.6,147.6,18.138,252.3
HM,2025-11,26.224,0.0,0.0,246.7,126.7,18.044,241.3
HM,2025-12,26.106,0.0,0.0,251.3,127.3,18.24,255.4
HM,2026-01,24.974,0.0,0.0,216.2,92.2,17.669,237.7
HM,2026-02,25.338,0.0,0.0,205.5,93.5,17.785,218.0
HM,2026-03,25.756,0.0,0.0,240.4,116.4,17.981,247.4
HM,2026-04,26.352,0.0,0.0,250.6,130.6,18.712,261.4
HM,2026-05,26.451,0.0,0.0,262.0,138.0,18.66,268.4
HM,2026-06,26.598,0.0,0.0,257.9,137.9,17.191,215.7
HM,2026-07,27.012,0.0,0.0,270.4,150.4,14.681,140.4
MIH,2022-01,-5.093,622.9,715.9,0.0,0.0,2.023,0.0
MIH,2022-02,-3.061,505.7,589.7,0.0,0.0,2.35,0.0
MIH,2022-03,1.962,404.2,497.2,0.0,0.0,3.428,0.0
MIH,2022-04,5.908,274.3,362.8,0.0,0.0,4.303,0.0
MIH,2022-05,14.274,69.7,132.8,17.3,0.0,7.807,9.9
MIH,2022-06,18.578,4.1,33.9,51.2,5.5,9.939,25.0
MIH,2022-07,22.097,0.0,0.0,127.0,18.3,12.332,75.5
MIH,2022-08,21.573,0.0,0.0,110.8,17.8,12.574,81.9
MIH,2022-09,18.552,17.7,45.6,62.2,5.8,10.39,42.6
MIH,2022-10,11.458,119.1,202.8,0.0,0.0,6.006,0.0
MIH,2022-11,6.084,269.6,357.5,0.0,0.0,4.543,0.0
MIH,2022-12,-0.135,469.2,562.2,0.0,0.0,3.013,0.0
MIH,2023-01,0.467,450.5,543.5,0.0,0.0,3.271,0.0
MIH,2023-02,-0.062,421.7,505.7,0.0,0.0,2.902,0.0
MIH,2023-03,1.814,408.8,501.8,0.0,0.0,3.178,0.0
MIH,2023-04,7.686,220.3,309.4,0.0,0.0,4.794,0.0
MIH,2023-05,13.329,79.5,151.7,6.9,0.2,6.08,0.0
MIH,2023-06,18.896,7.1,32.6,59.4,6.7,8.782,8.4
MIH,2023-07,21.35,0.0,0.0,103.8,10.6,12.21,71.0
MIH,2023-08,20.846,0.0,2.7,90.9,10.6,11.854,65.3
MIH,2023-09,18.937,0.4,16.0,44.1,7.2,10.344,26.4
MIH,2023-10,12.383,112.9,187.4,13.2,0.3,6.949,6.7
MIH,2023-11,5.866,274.0,364.0,0.0,0.0,4.175,0.0
MIH,2023-12,4.298,331.8,424.8,0.0,0.0,4.171,0.0
MIH,2024-01,-1.354,507.0,600.0,0.0,0.0,2.896,0.0
MIH,2024-02,1.846,381.5,468.5,0.0,0.0,3.264,0.0
MIH,2024-03,4.22,334.2,427.2,0.0,0.0,3.782,0.0
MIH,2024-04,8.636,191.9,280.9,0.0,0.0,5.169,0.0
MIH,2024-05,15.139,21.1,90.5,1.8,0.0,8.148,0.7
MIH,2024-06,19.873,2.1,18.2,74.4,13.7,10.983,48.9
MIH,2024-07,20.966,0.0,1.3,93.3,6.3,12.487,83.2
MIH,2024-08,21.553,0.0,0.4,110.6,21.5,12.314,79.7
MIH,2024-09,20.008,1.4,9.0,69.3,6.3,9.987,16.3
MIH,2024-10,14.225,55.0,119.6,2.6,0.0,6.614,0.8
MIH,2024-11,8.074,209.8,297.8,0.0,0.0,5.29,1.0
MIH,2024-12,1.024,433.3,526.3,0.0,0.0,3.351,0.0
MIH,2025-01,-3.968,588.0,681.0,0.0,0.0,2.154,0.0
MIH,2025-02,-3.179,509.0,593.0,0.0,0.0,2.287,0.0
MIH,2025-03,4.153,336.2,429.2,0.0,0.0,3.791,0.0
MIH,2025-04,7.355,229.9,319.4,0.0,0.0,4.667,0.0
MIH,2025-05,11.838,111.9,192.3,1.2,0.0,6.578,3.2
MIH,2025-06,19.959,7.4,21.8,80.6,20.5,11.271,62.6
MIH,2025-07,23.149,0.0,0.0,159.6,41.3,13.994,124.0
MIH,2025-08,21.669,0.0,7.2,121.0,32.6,11.615,67.5
MIH,2025-09,19.104,2.6,18.0,51.1,1.3,9.701,15.6
MIH,2025-10,13.845,79.3,145.8,17.0,1.1,6.848,3.3
MIH,2025-11,5.633,281.0,371.0,0.0,0.0,4.149,0.0
MIH,2025-12,-1.406,508.6,601.6,0.0,0.0,2.772,0.0
MIH,2026-01,-4.829,614.7,707.7,0.0,0.0,2.257,0.0
MIH,2026-02,-1.478,461.4,545.4,0.0,0.0,2.714,0.0
MIH,2026-03,3.803,347.1,440.1,0.0,0.0,3.945,0.0
MIH,2026-04,8.955,181.7,271.3,0.0,0.0,5.834,0.0
MIH,2026-05,12.371,103.1,176.6,2.0,0.0,6.387,2.8
MIH,2026-06,18.857,0.0,14.9,40.6,5.5,10.346,31.3
MIH,2026-07,22.905,0.0,0.0,147.2,38.2,13.13,98.9
MIL,2022-01,-7.5,697.5,790.5,0.0,0.0,1.715,0.0
MIL,2022-02,-4.346,541.7,625.7,0.0,0.0,2.232,0.0
MIL,2022-03,2.507,387.3,480.3,0.0,0.0,3.374,0.0
MIL,2022-04,6.876,250.1,336.1,2.4,0.0,4.262,0.1
MIL,2022-05,16.355,43.9,93.8,42.8,6.3,8.036,15.8
MIL,2022-06,21.148,0.0,7.8,102.2,35.2,9.297,23.6
MIL,2022-07,22.942,0.0,0.0,153.2,41.1,11.055,47.0
MIL,2022-08,22.044,0.0,0.9,126.2,26.2,11.685,60.6
MIL,2022-09,18.287,24.8,53.8,62.4,7.0,9.431,22.3
MIL,2022-10,10.859,139.5,221.4,0.0,0.0,5.379,0.0
MIL,2022-11,5.045,302.3,388.6,0.0,0.0,4.142,0.0
MIL,2022-12,-0.867,491.9,584.9,0.0,0.0,2.825,0.0
MIL,2023-01,-0.088,467.7,560.7,0.0,0.0,3.149,0.0
MIL,2023-02,-0.58,436.2,520.2,0.0,0.0,2.636,0.0
MIL,2023-03,1.619,414.8,507.8,0.0,0.0,3.018,0.0
MIL,2023-04,9.511,183.3,258.4,3.8,0.0,4.843,0.2
MIL,2023-05,14.81,58.4,117.3,18.4,3.9,5.948,0.0
MIL,2023-06,20.583,1.9,10.7,88.2,18.6,8.33,10.5
MIL,2023-07,22.24,0.0,0.0,131.4,24.5,11.617,57.1
MIL,2023-08,20.737,0.0,5.4,90.3,14.3,10.877,42.5
MIL,2023-09,18.486,0.8,27.6,42.2,13.0,9.828,20.6
MIL,2023-10,11.961,131.2,201.6,14.4,0.4,6.71,4.9
MIL,2023-11,4.298,321.0,411.0,0.0,0.0,3.675,0.0
MIL,2023-12,3.418,359.1,452.1,0.0,0.0,4.011,0.0
MIL,2024-01,-3.187,563.8,656.8,0.0,0.0,2.687,0.0
MIL,2024-02,1.609,388.3,475.3,0.0,0.0,3.098,0.0
MIL,2024-03,4.817,315.7,408.7,0.0,0.0,3.741,0.0
MIL,2024-04,10.223,153.9,235.0,1.6,0.0,5.145,2.4
MIL,2024-05,17.251,10.1,52.3,29.0,2.0,8.129,6.2
MIL,2024-06,21.362,0.1,9.2,110.0,35.0,10.898,55.5
MIL,2024-07,22.11,0.0,1.1,128.5,27.8,11.866,68.4
MIL,2024-08,21.721,0.0,3.0,118.4,32.0,11.627,65.4
MIL,2024-09,19.492,3.1,12.7,57.4,1.5,9.578,13.2
MIL,2024-10,13.23,81.3,152.3,4.4,0.0,6.001,1.3
MIL,2024-11,7.187,237.5,324.4,0.0,0.0,5.066,0.9
MIL,2024-12,-0.36,476.2,569.2,0.0,0.0,3.071,0.0
MIL,2025-01,-5.853,646.4,739.4,0.0,0.0,1.844,0.0
MIL,2025-02,-4.314,540.8,624.8,0.0,0.0,2.132,0.0
MIL,2025-03,5.294,305.4,393.9,0.0,0.0,3.863,0.0
MIL,2025-04,9.121,189.2,268.4,2.0,0.0,4.746,0.0
MIL,2025-05,13.486,71.1,147.5,7.5,0.0,6.81,4.0
MIL,2025-06,21.59,2.1,9.7,117.4,41.9,11.415,69.3
MIL,2025-07,23.767,0.0,0.0,178.8,60.8,13.19,100.3
MIL,2025-08,21.373,0.0,11.7,116.3,37.0,10.83,51.8
MIL,2025-09,18.716,4.9,21.5,42.9,0.0,9.069,9.5
MIL,2025-10,12.745,106.6,176.4,13.5,0.2,6.428,0.6
MIL,2025-11,4.215,323.6,413.6,0.0,0.0,3.695,0.0
MIL,2025-12,-3.814,583.2,676.2,0.0,0.0,2.37,0.0
MIL,2026-01,-6.804,675.9,768.9,0.0,0.0,1.986,0.0
MIL,2026-02,-2.639,493.9,577.9,0.0,0.0,2.504,0.0
MIL,2026-03,4.744,322.0,411.2,0.2,0.0,4.088,0.1
MIL,2026-04,11.194,137.2,209.5,5.3,0.0,6.35,5.0
MIL,2026-05,13.941,80.4,144.4,18.5,1.5,6.44,7.3
MIL,2026-06,20.325,0.0,6.8,76.6,18.4,10.207,37.1
MIL,2026-07,24.116,0.0,0.0,183.5,72.7,12.502,83.8
NA,2022-01,4.43,327.7,420.7,0.0,0.0,3.897,0.0
NA,2022-02,4.042,306.8,390.8,0.0,0.0,3.644,0.0
NA,2022-03,12.769,95.2,169.6,7.4,0.0,6.673,2.6
NA,2022-04,16.784,28.0,72.2,35.7,2.4,8.494,16.3
NA,2022-05,20.425,0.0,6.6,81.8,11.1,10.451,31.1
NA,2022-06,26.506,0.0,0.0,255.2,135.6,16.808,204.2
NA,2022-07,29.478,0.0,0.0,355.8,231.8,20.312,319.7
NA,2022-08,30.632,0.0,0.0,391.6,267.6,18.634,267.6
NA,2022-09,23.065,0.0,0.0,151.9,43.6,12.811,88.0
NA,2022-10,16.974,12.2,66.8,35.0,22.6,8.58,20.3
NA,2022-11,14.107,51.5,120.7,3.9,0.0,7.909,5.8
NA,2022-12,3.488,356.9,449.9,0.0,0.0,3.222,0.0
NA,2023-01,4.265,332.8,425.8,0.0,0.0,3.644,0.0
NA,2023-02,5.847,256.3,340.3,0.0,0.0,4.197,0.0
NA,2023-03,12.412,95.9,175.0,1.8,0.0,5.686,0.0
NA,2023-04,16.922,21.7,65.5,33.2,5.6,8.031,9.8
NA,2023-05,21.231,0.0,10.8,110.9,27.9,11.692,76.2
NA,2023-06,24.912,0.0,0.1,207.5,94.7,15.588,167.6
NA,2023-07,28.116,0.0,0.0,313.6,189.6,20.463,324.4
NA,2023-08,27.239,0.0,0.0,286.4,162.4,18.988,278.6
NA,2023-09,24.039,0.0,0.0,181.2,69.0,15.926,177.8
NA,2023-10,18.628,1.4,13.4,32.8,0.0,9.809,10.1
NA,2023-11,11.695,125.8,199.4,10.3,0.0,6.108,5.7
NA,2023-12,4.39,329.3,421.9,0.0,0.0,3.879,0.0
NA,2024-01,3.83,346.3,439.3,0.0,0.0,3.836,0.0
NA,2024-02,4.512,307.0,391.1,0.0,0.0,4.23,0.7
NA,2024-03,11.238,133.4,214.1,4.5,0.0,6.286,1.3
NA,2024-04,16.923,14.8,48.5,16.2,0.0,9.6,18.2
NA,2024-05,20.716,0.0,8.3,92.5,22.1,11.246,55.6
NA,2024-06,25.209,0.0,0.0,216.3,99.0,15.28,158.4
NA,2024-07,29.357,0.0,0.0,352.1,228.1,20.674,330.9
NA,2024-08,30.149,0.0,0.0,376.6,252.6,20.931,338.8
NA,2024-09,26.491,0.0,0.0,254.7,139.9,17.417,223.1
NA,2024-10,17.725,4.7,37.3,28.8,0.3,9.927,28.4
NA,2024-11,12.94,85.5,155.6,3.8,0.0,6.951,5.0
NA,2024-12,4.794,316.4,409.4,0.0,0.0,3.588,0.0
NA,2025-01,4.767,317.2,410.2,0.0,0.0,3.261,0.0
NA,2025-02,5.564,265.3,348.2,0.0,0.0,3.497,0.0
NA,2025-03,11.907,133.0,205.5,16.6,3.8,5.365,1.5
NA,2025-04,19.773,6.1,23.5,76.7,14.8,7.516,6.7
NA,2025-05,21.986,0.0,1.5,125.1,32.4,11.044,52.1
NA,2025-06,25.036,0.0,0.0,211.1,98.8,16.437,193.1
NA,2025-07,29.137,0.0,0.0,345.2,221.2,20.113,313.5
NA,2025-08,29.213,0.0,0.0,347.6,223.6,20.979,340.3
NA,2025-09,25.247,0.0,0.0,217.4,98.7,17.312,219.4
NA,2025-10,19.615,14.0,51.4,101.5,38.0,12.113,100.1
NA,2025-11,11.538,110.0,193.8,0.0,0.0,6.102,1.0
NA,2025-12,6.933,250.1,343.1,0.0,0.0,4.194,0.0
NA,2026-01,3.651,351.8,444.8,0.0,0.0,3.335,0.0
NA,2026-02,7.353,214.1,298.1,0.0,0.0,4.485,0.0
NA,2026-03,10.605,141.1,230.1,0.9,0.0,6.041,0.0
NA,2026-04,16.186,17.5,65.0,10.6,0.0,8.738,5.3
NA,2026-05,22.521,0.0,2.3,142.4,43.2,12.447,88.6
NA,2026-06,24.583,0.0,0.0,197.5,80.4,14.343,131.2
NA,2026-07,28.192,0.0,0.0,305.7,185.7,20.35,310.5
NB,2022-01,4.324,330.9,423.9,0.0,0.0,3.861,0.0
NB,2022-02,4.008,307.8,391.8,0.0,0.0,3.619,0.0
NB,2022-03,12.658,97.3,172.1,6.5,0.0,6.607,2.3
NB,2022-04,16.739,28.1,72.4,34.6,2.3,8.476,15.8
NB,2022-05,20.393,0.0,6.7,80.9,10.8,10.42,30.1
NB,2022-06,26.545,0.0,0.0,256.3,136.7,16.744,202.3
NB,2022-07,29.362,0.0,0.0,352.2,228.2,20.351,320.9
NB,2022-08,30.446,0.0,0.0,385.8,261.8,18.727,270.5
NB,2022-09,23.033,0.0,0.0,151.0,43.0,12.797,87.7
NB,2022-10,16.908,12.9,68.5,34.7,22.3,8.585,20.2
NB,2022-11,14.002,53.0,123.5,3.6,0.0,7.896,5.6
NB,2022-12,3.373,360.4,453.4,0.0,0.0,3.21,0.0
NB,2023-01,4.148,336.4,429.4,0.0,0.0,3.617,0.0
NB,2023-02,5.734,259.4,343.4,0.0,0.0,4.161,0.0
NB,2023-03,12.342,97.6,177.0,1.6,0.0,5.659,0.0
NB,2023-04,16.868,21.9,66.0,32.1,5.5,7.998,9.7
NB,2023-05,21.174,0.0,10.4,108.8,26.3,11.66,75.2
NB,2023-06,24.85,0.0,0.2,205.7,93.1,15.553,166.6
NB,2023-07,28.069,0.0,0.0,312.1,188.1,20.458,324.2
NB,2023-08,27.227,0.0,0.0,286.1,162.1,18.993,278.8
NB,2023-09,23.998,0.0,0.0,179.9,67.7,15.857,175.7
NB,2023-10,18.61,1.2,13.2,32.1,0.0,9.8,10.0
NB,2023-11,11.603,128.0,201.9,10.0,0.0,6.093,5.6
NB,2023-12,4.404,328.7,421.5,0.0,0.0,3.863,0.0
NB,2024-01,3.699,350.3,443.3,0.0,0.0,3.816,0.0
NB,2024-02,4.36,311.3,395.6,0.0,0.0,4.197,0.7
NB,2024-03,11.118,136.1,217.5,4.2,0.0,6.228,1.0
NB,2024-04,16.851,14.9,49.4,14.9,0.0,9.545,16.8
NB,2024-05,20.681,0.0,8.2,91.4,21.2,11.213,54.5
NB,2024-06,25.253,0.0,0.0,217.6,100.1,15.232,157.0
NB,2024-07,29.293,0.0,0.0,350.1,226.1,20.686,331.3
NB,2024-08,30.044,0.0,0.0,373.4,249.4,21.047,342.4
NB,2024-09,26.422,0.0,0.0,252.7,137.9,17.425,223.3
NB,2024-10,17.683,5.1,38.2,28.4,0.2,9.89,27.3
NB,2024-11,12.846,87.3,158.1,3.4,0.0,6.928,4.6
NB,2024-12,4.693,319.5,412.5,0.0,0.0,3.575,0.0
NB,2025-01,4.634,321.3,414.3,0.0,0.0,3.26,0.0
NB,2025-02,5.453,268.3,351.3,0.0,0.0,3.483,0.0
NB,2025-03,11.812,134.0,207.8,16.0,3.7,5.333,1.4
NB,2025-04,19.672,6.4,24.2,74.4,14.0,7.489,6.4
NB,2025-05,21.886,0.0,1.6,122.1,31.0,11.016,51.4
NB,2025-06,25.035,0.0,0.0,211.1,98.7,16.399,192.0
NB,2025-07,29.112,0.0,0.0,344.5,220.5,20.118,313.7
NB,2025-08,29.145,0.0,0.0,345.5,221.5,20.998,340.9
NB,2025-09,25.165,0.0,0.0,215.0,96.6,17.195,215.9
NB,2025-10,19.519,14.6,52.4,99.5,36.5,12.039,98.2
NB,2025-11,11.475,111.3,195.8,0.0,0.0,6.087,0.9
NB,2025-12,6.811,253.8,346.8,0.0,0.0,4.184,0.0
NB,2026-01,3.511,356.2,449.2,0.0,0.0,3.319,0.0
NB,2026-02,7.256,216.8,300.8,0.0,0.0,4.435,0.0
NB,2026-03,10.532,143.3,232.3,0.8,0.0,6.005,0.0
NB,2026-04,16.133,17.3,66.2,10.2,0.0,8.672,4.8
NB,2026-05,22.44,0.0,2.4,140.1,41.3,12.392,87.1
NB,2026-06,24.565,0.0,0.0,196.9,79.8,14.272,129.1
NB,2026-07,28.131,0.0,0.0,303.9,183.9,20.308,309.2
NJ,2022-01,4.324,330.9,423.9,0.0,0.0,3.861,0.0
NJ,2022-02,4.008,307.8,391.8,0.0,0.0,3.619,0.0
NJ,2022-03,12.658,97.3,172.1,6.5,0.0,6.607,2.3
NJ,2022-04,16.739,28.1,72.4,34.6,2.3,8.476,15.8
NJ,2022-05,20.393,0.0,6.7,80.9,10.8,10.42,30.1
NJ,2022-06,26.545,0.0,0.0,256.3,136.7,16.744,202.3
NJ,2022-07,29.362,0.0,0.0,352.2,228.2,20.351,320.9
NJ,2022-08,30.446,0.0,0.0,385.8,261.8,18.727,270.5
NJ,2022-09,23.033,0.0,0.0,151.0,43.0,12.797,87.7
NJ,2022-10,16.908,12.9,68.5,34.7,22.3,8.585,20.2
NJ,2022-11,14.002,53.0,123.5,3.6,0.0,7.896,5.6
NJ,2022-12,3.373,360.4,453.4,0.0,0.0,3.21,0.0
NJ,2023-01,4.148,336.4,429.4,0.0,0.0,3.617,0.0
NJ,2023-02,5.734,259.4,343.4,0.0,0.0,4.161,0.0
NJ,2023-03,12.342,97.6,177.0,1.6,0.0,5.659,0.0
NJ,2023-04,16.868,21.9,66.0,32.1,5.5,7.998,9.7
NJ,2023-05,21.174,0.0,10.4,108.8,26.3,11.66,75.2
NJ,2023-06,24.85,0.0,0.2,205.7,93.1,15.553,166.6
NJ,2023-07,28.069,0.0,0.0,312.1,188.1,20.458,324.2
NJ,2023-08,27.227,0.0,0.0,286.1,162.1,18.993,278.8
NJ,2023-09,23.998,0.0,0.0,179.9,67.7,15.857,175.7
NJ,2023-10,18.61,1.2,13.2,32.1,0.0,9.8,10.0
NJ,2023-11,11.603,128.0,201.9,10.0,0.0,6.093,5.6
NJ,2023-12,4.404,328.7,421.5,0.0,0.0,3.863,0.0
NJ,2024-01,3.699,350.3,443.3,0.0,0.0,3.816,0.0
NJ,2024-02,4.36,311.3,395.6,0.0,0.0,4.197,0.7
NJ,2024-03,11.118,136.1,217.5,4.2,0.0,6.228,1.0
NJ,2024-04,16.851,14.9,49.4,14.9,0.0,9.545,16.8
NJ,2024-05,20.681,0.0,8.2,91.4,21.2,11.213,54.5
NJ,2024-06,25.253,0.0,0.0,217.6,100.1,15.232,157.0
NJ,2024-07,29.293,0.0,0.0,350.1,226.1,20.686,331.3
NJ,2024-08,30.044,0.0,0.0,373.4,249.4,21.047,342.4
NJ,2024-09,26.422,0.0,0.0,252.7,137.9,17.425,223.3
NJ,2024-10,17.683,5.1,38.2,28.4,0.2,9.89,27.3
NJ,2024-11,12.846,87.3,158.1,3.4,0.0,6.928,4.6
NJ,2024-12,4.693,319.5,412.5,0.0,0.0,3.575,0.0
NJ,2025-01,4.634,321.3,414.3,0.0,0.0,3.26,0.0
NJ,2025-02,5.453,268.3,351.3,0.0,0.0,3.483,0.0
NJ,2025-03,11.812,134.0,207.8,16.0,3.7,5.333,1.4
NJ,2025-04,19.672,6.4,24.2,74.4,14.0,7.489,6.4
NJ,2025-05,21.886,0.0,1.6,122.1,31.0,11.016,51.4
NJ,2025-06,25.035,0.0,0.0,211.1,98.7,16.399,192.0
NJ,2025-07,29.112,0.0,0.0,344.5,220.5,20.118,313.7
NJ,2025-08,29.145,0.0,0.0,345.5,221.5,20.998,340.9
NJ,2025-09,25.165,0.0,0.0,215.0,96.6,17.195,215.9
NJ,2025-10,19.519,14.6,52.4,99.5,36.5,12.039,98.2
NJ,2025-11,11.475,111.3,195.8,0.0,0.0,6.087,0.9
NJ,2025-12,6.811,253.8,346.8,0.0,0.0,4.184,0.0
NJ,2026-01,3.511,356.2,449.2,0.0,0.0,3.319,0.0
NJ,2026-02,7.256,216.8,300.8,0.0,0.0,4.435,0.0
NJ,2026-03,10.532,143.3,232.3,0.8,0.0,6.005,0.0
NJ,2026-04,16.133,17.3,66.2,10.2,0.0,8.672,4.8
NJ,2026-05,22.44,0.0,2.4,140.1,41.3,12.392,87.1
NJ,2026-06,24.565,0.0,0.0,196.9,79.8,14.272,129.1
NJ,2026-07,28.131,0.0,0.0,303.9,183.9,20.308,309.2
OC,2022-01,-1.54,512.7,605.7,0.0,0.0,1.974,0.0
OC,2022-02,-0.672,438.8,522.8,0.0,0.0,2.036,0.0
OC,2022-03,6.928,250.3,343.2,0.0,0.0,4.379,0.0
OC,2022-04,13.367,74.0,141.5,2.5,0.0,5.691,0.0
OC,2022-05,18.506,8.1,33.2,48.9,3.0,6.827,0.0
OC,2022-06,23.42,0.0,0.0,162.6,63.0,12.529,86.6
OC,2022-07,26.213,0.0,0.0,254.6,130.6,17.129,221.0
OC,2022-08,24.986,0.0,0.0,216.6,101.7,17.04,218.8
OC,2022-09,21.215,0.0,1.8,98.3,21.4,11.534,59.5
OC,2022-10,13.758,68.1,143.2,11.7,1.1,7.166,6.7
OC,2022-11,8.854,186.1,274.4,0.0,0.0,5.067,0.0
OC,2022-12,-2.706,548.9,641.9,0.0,0.0,2.097,0.0
OC,2023-01,-1.305,505.4,598.4,0.0,0.0,2.338,0.0
OC,2023-02,1.522,377.4,461.4,0.0,0.0,2.691,0.0
OC,2023-03,8.997,188.4,279.1,0.0,0.0,4.036,0.0
OC,2023-04,13.038,72.6,150.5,1.6,0.0,5.636,0.0
OC,2023-05,18.682,8.4,25.7,46.8,1.6,8.534,14.4
OC,2023-06,22.969,0.0,0.0,149.1,39.7,12.337,73.6
OC,2023-07,25.642,0.0,0.0,236.9,113.4,17.695,238.5
OC,2023-08,26.649,0.0,0.0,268.1,144.5,17.763,240.7
OC,2023-09,22.617,0.0,0.0,138.5,38.8,13.938,118.7
OC,2023-10,14.746,28.8,100.9,0.0,0.0,7.442,0.0
OC,2023-11,6.628,267.1,343.3,2.1,0.0,4.868,4.5
OC,2023-12,1.728,411.4,504.4,0.0,0.0,3.526,0.0
OC,2024-01,-0.473,479.7,572.7,0.0,0.0,2.648,0.0
OC,2024-02,3.16,343.4,430.4,0.0,0.0,3.754,0.0
OC,2024-03,5.96,280.3,373.3,0.0,0.0,3.969,0.0
OC,2024-04,14.664,32.2,104.0,3.9,0.0,7.026,0.0
OC,2024-05,17.362,9.9,42.5,22.7,0.0,8.503,4.3
OC,2024-06,23.437,0.0,0.0,163.1,55.8,11.576,55.1
OC,2024-07,26.136,0.0,0.0,252.2,128.2,18.138,252.3
OC,2024-08,27.949,0.0,0.0,308.4,184.4,19.008,279.2
OC,2024-09,24.807,0.0,0.0,204.2,92.9,15.485,165.6
OC,2024-10,15.822,16.6,71.2,3.7,0.0,8.762,9.0
OC,2024-11,8.749,189.8,277.5,0.0,0.0,5.483,0.0
OC,2024-12,0.388,453.0,546.0,0.0,0.0,2.648,0.0
OC,2025-01,-0.637,484.7,577.7,0.0,0.0,2.406,0.0
OC,2025-02,-1.25,455.0,539.0,0.0,0.0,2.064,0.0
OC,2025-03,6.777,258.0,347.9,0.0,0.0,3.958,0.0
OC,2025-04,12.812,87.7,160.4,4.7,0.0,5.755,0.5
OC,2025-05,17.019,22.0,61.6,31.2,2.5,8.287,13.5
OC,2025-06,23.29,0.0,0.0,158.7,50.8,12.569,93.9
OC,2025-07,27.322,0.0,0.0,289.0,165.0,17.384,228.9
OC,2025-08,26.981,0.0,0.0,278.4,154.4,18.45,262.0
OC,2025-09,22.666,0.0,0.0,140.0,42.2,14.235,127.1
OC,2025-10,16.564,38.3,79.5,35.0,0.4,9.663,38.2
OC,2025-11,7.941,211.8,301.8,0.0,0.0,4.718,0.0
OC,2025-12,1.005,433.9,526.9,0.0,0.0,2.936,0.0
OC,2026-01,-2.823,552.5,645.5,0.0,0.0,1.833,0.0
OC,2026-02,1.497,378.1,462.1,0.0,0.0,2.833,0.0
OC,2026-03,6.879,251.7,344.7,0.0,0.0,3.966,0.0
OC,2026-04,13.681,63.0,131.5,1.9,0.0,5.426,0.0
OC,2026-05,19.076,6.3,28.2,61.6,10.1,8.451,13.6
OC,2026-06,23.228,0.0,0.0,156.8,47.4,11.617,56.2
OC,2026-07,26.526,0.0,0.0,255.8,135.8,18.029,240.9
OC_EP1,2022-01,-1.44,509.6,602.6,0.0,0.0,1.989,0.0
OC_EP1,2022-02,-0.572,436.0,520.0,0.0,0.0,2.052,0.0
OC_EP1,2022-03,7.028,247.3,340.1,0.0,0.0,4.41,0.0
OC_EP1,2022-04,13.467,72.1,138.9,2.9,0.0,5.731,0.0
OC_EP1,2022-05,18.606,7.6,31.9,50.7,3.4,6.877,0.0
OC_EP1,2022-06,23.52,0.0,0.0,165.6,65.1,12.611,88.5
OC_EP1,2022-07,26.313,0.0,0.0,257.7,133.7,17.236,224.3
OC_EP1,2022-08,25.086,0.0,0.0,219.7,104.3,17.147,222.0
OC_EP1,2022-09,21.315,0.0,1.7,101.2,22.8,11.608,61.2
OC_EP1,2022-10,13.858,66.1,140.4,12.0,1.3,7.215,6.8
OC_EP1,2022-11,8.954,183.2,271.4,0.0,0.0,5.103,0.0
OC_EP1,2022-12,-2.606,545.8,638.8,0.0,0.0,2.114,0.0
OC_EP1,2023-01,-1.205,502.3,595.3,0.0,0.0,2.356,0.0
OC_EP1,2023-02,1.622,374.6,458.6,0.0,0.0,2.712,0.0
OC_EP1,2023-03,9.097,185.4,276.0,0.0,0.0,4.065,0.0
OC_EP1,2023-04,13.138,70.6,147.6,1.7,0.0,5.676,0.0
OC_EP1,2023-05,18.782,8.0,24.7,48.9,1.9,8.593,14.9
OC_EP1,2023-06,23.069,0.0,0.0,152.1,41.5,12.419,75.8
OC_EP1,2023-07,25.742,0.0,0.0,240.0,116.4,17.808,242.0
OC_EP1,2023-08,26.749,0.0,0.0,271.2,147.5,17.875,244.1
OC_EP1,2023-09,22.717,0.0,0.0,141.5,40.6,14.027,121.3
OC_EP1,2023-10,14.846,27.2,97.8,0.0,0.0,7.492,0.0
OC_EP1,2023-11,6.728,264.6,340.6,2.4,0.0,4.903,4.8
OC_EP1,2023-12,1.828,408.3,501.3,0.0,0.0,3.551,0.0
OC_EP1,2024-01,-0.373,476.6,569.6,0.0,0.0,2.668,0.0
OC_EP1,2024-02,3.26,340.5,427.5,0.0,0.0,3.781,0.0
OC_EP1,2024-03,6.06,277.2,370.2,0.0,0.0,3.998,0.0
OC_EP1,2024-04,14.764,30.4,101.2,4.1,0.0,7.075,0.0
OC_EP1,2024-05,17.462,9.2,40.9,24.2,0.0,8.56,4.7
OC_EP1,2024-06,23.537,0.0,0.0,166.1,58.1,11.651,56.8
OC_EP1,2024-07,26.236,0.0,0.0,255.3,131.3,18.25,255.7
OC_EP1,2024-08,28.049,0.0,0.0,311.5,187.5,19.126,282.9
OC_EP1,2024-09,24.907,0.0,0.0,207.2,95.3,15.582,168.4
OC_EP1,2024-10,15.922,15.5,68.6,4.2,0.0,8.821,9.4
OC_EP1,2024-11,8.849,187.1,274.5,0.0,0.0,5.522,0.0
OC_EP1,2024-12,0.488,449.9,542.9,0.0,0.0,2.668,0.0
OC_EP1,2025-01,-0.537,481.6,574.6,0.0,0.0,2.425,0.0
OC_EP1,2025-02,-1.15,452.2,536.2,0.0,0.0,2.079,0.0
OC_EP1,2025-03,6.877,255.1,344.8,0.0,0.0,3.986,0.0
OC_EP1,2025-04,12.912,85.7,157.7,5.0,0.0,5.795,0.6
OC_EP1,2025-05,17.119,20.8,60.0,32.7,2.7,8.344,14.0
OC_EP1,2025-06,23.39,0.0,0.0,161.7,53.1,12.65,96.0
OC_EP1,2025-07,27.422,0.0,0.0,292.1,168.1,17.495,232.3
OC_EP1,2025-08,27.081,0.0,0.0,281.5,157.5,18.569,265.6
OC_EP1,2025-09,22.766,0.0,0.0,143.0,44.0,14.325,129.8
OC_EP1,2025-10,16.664,37.1,78.0,36.6,0.5,9.727,39.5
OC_EP1,2025-11,8.041,208.8,298.8,0.0,0.0,4.752,0.0
OC_EP1,2025-12,1.105,430.8,523.8,0.0,0.0,2.958,0.0
OC_EP1,2026-01,-2.723,549.4,642.4,0.0,0.0,1.847,0.0
OC_EP1,2026-02,1.597,375.3,459.3,0.0,0.0,2.854,0.0
OC_EP1,2026-03,6.979,248.6,341.6,0.0,0.0,3.995,0.0
OC_EP1,2026-04,13.781,61.3,128.7,2.2,0.0,5.464,0.0
OC_EP1,2026-05,19.176,5.9,26.8,63.3,11.0,8.509,14.1
OC_EP1,2026-06,23.328,0.0,0.0,159.8,49.7,11.694,58.1
OC_EP1,2026-07,26.626,0.0,0.0,258.8,138.8,18.141,244.2
OC_EP2,2022-01,-1.369,507.4,600.4,0.0,0.0,1.996,0.0
OC_EP2,2022-02,-0.609,437.1,521.1,0.0,0.0,2.019,0.0
OC_EP2,2022-03,7.09,245.5,338.2,0.0,0.0,4.405,0.0
OC_EP2,2022-04,13.552,71.1,137.0,3.6,0.0,5.756,0.0
OC_EP2,2022-05,18.596,7.8,33.0,51.4,3.7,6.884,0.0
OC_EP2,2022-06,23.494,0.0,0.0,164.8,65.6,12.625,89.0
OC_EP2,2022-07,26.283,0.0,0.0,256.8,132.8,17.277,225.6
OC_EP2,2022-08,25.089,0.0,0.0,219.8,104.0,17.185,223.1
OC_EP2,2022-09,21.267,0.0,2.1,100.1,22.0,11.628,62.1
OC_EP2,2022-10,13.879,65.7,140.1,12.3,1.4,7.238,7.0
OC_EP2,2022-11,9.013,181.5,269.6,0.0,0.0,5.08,0.0
OC_EP2,2022-12,-2.621,546.2,639.2,0.0,0.0,2.095,0.0
OC_EP2,2023-01,-1.139,500.3,593.3,0.0,0.0,2.343,0.0
OC_EP2,2023-02,1.753,370.9,454.9,0.0,0.0,2.712,0.0
OC_EP2,2023-03,9.143,184.0,274.6,0.0,0.0,4.031,0.0
OC_EP2,2023-04,13.107,70.8,148.5,1.7,0.0,5.653,0.1
OC_EP2,2023-05,18.772,7.9,23.8,47.8,1.7,8.558,14.9
OC_EP2,2023-06,23.094,0.0,0.0,152.8,42.3,12.414,75.8
OC_EP2,2023-07,25.758,0.0,0.0,240.5,117.0,17.833,242.8
OC_EP2,2023-08,26.743,0.0,0.0,271.0,147.3,17.917,245.4
OC_EP2,2023-09,22.7,0.0,0.0,141.0,40.3,14.026,121.2
OC_EP2,2023-10,14.858,26.4,97.4,0.0,0.0,7.458,0.0
OC_EP2,2023-11,6.703,265.1,341.3,2.4,0.0,4.876,4.7
OC_EP2,2023-12,1.837,408.1,501.1,0.0,0.0,3.537,0.0
OC_EP2,2024-01,-0.323,475.0,568.0,0.0,0.0,2.661,0.0
OC_EP2,2024-02,3.26,340.5,427.5,0.0,0.0,3.793,0.0
OC_EP2,2024-03,6.033,278.0,371.0,0.0,0.0,3.993,0.0
OC_EP2,2024-04,14.815,30.1,99.7,4.1,0.0,7.092,0.0
OC_EP2,2024-05,17.471,9.8,40.8,24.4,0.0,8.59,5.2
OC_EP2,2024-06,23.497,0.0,0.0,164.9,57.9,11.725,58.8
OC_EP2,2024-07,26.22,0.0,0.0,254.8,130.8,18.297,257.2
OC_EP2,2024-08,28.011,0.0,0.0,310.3,186.3,19.122,282.8
OC_EP2,2024-09,24.888,0.0,0.0,206.6,95.4,15.567,167.9
OC_EP2,2024-10,15.945,15.4,67.9,4.2,0.0,8.861,9.9
OC_EP2,2024-11,8.851,186.7,274.5,0.0,0.0,5.531,0.0
OC_EP2,2024-12,0.434,451.5,544.5,0.0,0.0,2.629,0.0
OC_EP2,2025-01,-0.528,481.4,574.4,0.0,0.0,2.407,0.0
OC_EP2,2025-02,-1.153,452.3,536.3,0.0,0.0,2.059,0.0
OC_EP2,2025-03,6.86,254.8,345.3,0.0,0.0,3.979,0.0
OC_EP2,2025-04,12.909,85.5,157.6,4.9,0.0,5.786,0.8
OC_EP2,2025-05,17.095,21.4,60.8,32.7,2.8,8.379,14.5
OC_EP2,2025-06,23.412,0.0,0.0,162.4,53.8,12.671,96.8
OC_EP2,2025-07,27.347,0.0,0.0,289.8,165.8,17.523,233.2
OC_EP2,2025-08,27.084,0.0,0.0,281.6,157.6,18.561,265.4
OC_EP2,2025-09,22.762,0.0,0.0,142.9,44.0,14.36,130.8
OC_EP2,2025-10,16.671,36.6,77.3,36.1,0.5,9.756,39.7
OC_EP2,2025-11,8.011,209.7,299.7,0.0,0.0,4.727,0.0
OC_EP2,2025-12,1.069,431.9,524.9,0.0,0.0,2.945,0.0
OC_EP2,2026-01,-2.736,549.8,642.8,0.0,0.0,1.836,0.0
OC_EP2,2026-02,1.642,374.0,458.0,0.0,0.0,2.854,0.0
OC_EP2,2026-03,7.054,246.3,339.3,0.0,0.0,3.992,0.0
OC_EP2,2026-04,13.726,61.7,130.5,2.3,0.0,5.491,0.0
OC_EP2,2026-05,19.223,6.0,26.8,64.7,12.3,8.471,14.6
OC_EP2,2026-06,23.332,0.0,0.0,160.0,50.1,11.642,57.2
OC_EP2,2026-07,26.624,0.0,0.0,258.7,138.7,18.204,246.1
OC_PARC,2022-01,-2.335,537.4,630.4,0.0,0.0,1.828,0.0
OC_PARC,2022-02,-1.565,463.8,547.8,0.0,0.0,2.021,0.0
OC_PARC,2022-03,5.681,288.9,381.9,0.0,0.0,4.227,0.0
OC_PARC,2022-04,12.011,99.0,180.3,0.6,0.0,6.03,0.4
OC_PARC,2022-05,17.17,9.2,40.5,14.8,0.0,7.654,1.5
OC_PARC,2022-06,22.113,0.0,0.0,123.4,28.1,13.069,98.7
OC_PARC,2022-07,25.862,0.0,0.0,243.7,119.7,17.854,243.5
OC_PARC,2022-08,24.703,0.0,0.0,207.8,92.7,17.122,221.3
OC_PARC,2022-09,21.181,0.0,1.7,97.1,21.6,12.079,69.8
OC_PARC,2022-10,13.365,72.3,151.0,7.3,0.0,7.375,9.0
OC_PARC,2022-11,8.633,191.0,281.0,0.0,0.0,5.276,0.0
OC_PARC,2022-12,-3.227,565.0,658.0,0.0,0.0,1.87,0.0
OC_PARC,2023-01,-2.137,531.3,624.3,0.0,0.0,2.168,0.0
OC_PARC,2023-02,0.726,399.7,483.7,0.0,0.0,2.64,0.0
OC_PARC,2023-03,7.305,238.6,331.5,0.0,0.0,4.145,0.0
OC_PARC,2023-04,11.941,95.9,181.8,0.0,0.0,5.747,0.0
OC_PARC,2023-05,17.354,11.2,42.9,22.8,0.0,9.069,17.2
OC_PARC,2023-06,21.781,0.0,0.0,113.4,24.3,13.225,96.8
OC_PARC,2023-07,25.394,0.0,0.0,229.2,105.2,18.077,250.4
OC_PARC,2023-08,26.105,0.0,0.0,251.2,127.2,18.102,251.1
OC_PARC,2023-09,22.661,0.0,0.0,139.8,38.3,14.207,126.3
OC_PARC,2023-10,14.975,25.0,93.9,0.2,0.0,7.972,0.0
OC_PARC,2023-11,5.904,287.0,364.1,1.2,0.0,4.795,6.3
OC_PARC,2023-12,0.701,443.3,536.3,0.0,0.0,3.246,0.0
OC_PARC,2024-01,-1.133,500.1,593.1,0.0,0.0,2.449,0.0
OC_PARC,2024-02,2.336,367.2,454.2,0.0,0.0,3.569,0.0
OC_PARC,2024-03,5.355,299.0,392.0,0.0,0.0,3.867,0.0
OC_PARC,2024-04,13.65,50.9,130.8,0.3,0.0,7.069,0.0
OC_PARC,2024-05,16.505,11.8,54.8,8.5,0.0,8.831,6.0
OC_PARC,2024-06,22.732,0.0,0.0,142.0,36.9,12.338,75.2
OC_PARC,2024-07,25.611,0.0,0.0,235.9,111.9,18.408,260.6
OC_PARC,2024-08,27.946,0.0,0.0,308.3,184.3,19.986,309.6
OC_PARC,2024-09,24.263,0.0,0.0,187.9,77.6,15.717,172.2
OC_PARC,2024-10,15.78,13.9,71.4,2.5,0.0,8.601,2.7
OC_PARC,2024-11,8.479,198.5,285.6,0.0,0.0,5.336,0.2
OC_PARC,2024-12,-0.232,472.2,565.2,0.0,0.0,2.398,0.0
OC_PARC,2025-01,-1.446,509.8,602.8,0.0,0.0,2.258,0.0
OC_PARC,2025-02,-1.987,475.6,559.6,0.0,0.0,1.988,0.0
OC_PARC,2025-03,5.675,289.1,382.1,0.0,0.0,3.883,0.0
OC_PARC,2025-04,11.15,121.5,205.5,0.0,0.0,6.087,0.0
OC_PARC,2025-05,15.939,29.0,78.6,14.7,0.0,8.867,13.2
OC_PARC,2025-06,22.027,0.0,0.0,120.8,26.1,13.211,100.8
OC_PARC,2025-07,26.922,0.0,0.0,276.6,152.6,18.522,264.2
OC_PARC,2025-08,26.667,0.0,0.0,268.7,144.7,19.192,284.9
OC_PARC,2025-09,22.651,0.0,0.0,139.5,38.8,14.29,128.7
OC_PARC,2025-10,16.178,42.7,85.7,29.2,0.0,9.457,34.7
OC_PARC,2025-11,7.814,215.6,305.6,0.0,0.0,4.824,0.0
OC_PARC,2025-12,0.182,459.4,552.4,0.0,0.0,2.789,0.0
OC_PARC,2026-01,-3.847,584.3,677.3,0.0,0.0,1.624,0.0
OC_PARC,2026-02,0.858,396.0,480.0,0.0,0.0,2.8,0.0
OC_PARC,2026-03,5.893,282.3,375.3,0.0,0.0,4.098,0.0
OC_PARC,2026-04,12.802,76.4,155.9,0.0,0.0,5.89,0.0
OC_PARC,2026-05,17.819,9.0,45.3,39.7,2.0,9.348,19.1
OC_PARC,2026-06,22.496,0.0,0.0,134.9,32.6,12.404,73.6
OC_PARC,2026-07,25.825,0.0,0.0,234.8,114.8,18.549,256.5
OC_RD_DJ,2022-01,-0.953,494.5,587.5,0.0,0.0,2.054,0.0
OC_RD_DJ,2022-02,-0.331,429.3,513.3,0.0,0.0,2.042,0.0
OC_RD_DJ,2022-03,7.356,237.2,330.0,0.0,0.0,4.421,0.0
OC_RD_DJ,2022-04,13.748,65.3,131.0,3.4,0.0,5.815,0.0
OC_RD_DJ,2022-05,18.536,7.4,32.7,49.3,3.2,6.863,0.0
OC_RD_DJ,2022-06,23.334,0.0,0.9,160.9,63.2,12.768,90.1
OC_RD_DJ,2022-07,26.528,0.0,0.0,264.4,140.4,17.024,217.7
OC_RD_DJ,2022-08,25.183,0.0,0.0,222.7,105.7,17.167,222.4
OC_RD_DJ,2022-09,21.345,0.0,1.5,101.9,21.4,11.755,63.9
OC_RD_DJ,2022-10,14.019,62.0,136.9,13.5,2.4,7.257,6.8
OC_RD_DJ,2022-11,9.342,171.9,259.8,0.0,0.0,5.188,0.0
OC_RD_DJ,2022-12,-1.515,512.0,605.0,0.0,0.0,2.216,0.0
OC_RD_DJ,2023-01,-0.502,480.6,573.6,0.0,0.0,2.45,0.0
OC_RD_DJ,2023-02,2.03,363.2,447.2,0.0,0.0,2.754,0.0
OC_RD_DJ,2023-03,9.358,177.4,267.9,0.0,0.0,4.086,0.0
OC_RD_DJ,2023-04,13.225,67.4,145.1,1.8,0.0,5.794,1.2
OC_RD_DJ,2023-05,18.7,7.6,23.7,45.4,0.7,8.753,15.3
OC_RD_DJ,2023-06,23.208,0.0,0.0,156.3,44.9,12.338,72.8
OC_RD_DJ,2023-07,25.716,0.0,0.0,239.2,116.1,17.834,242.9
OC_RD_DJ,2023-08,26.75,0.0,0.0,271.3,147.5,17.875,244.1
OC_RD_DJ,2023-09,22.75,0.0,0.0,142.5,40.7,14.043,121.7
OC_RD_DJ,2023-10,15.056,22.1,91.3,0.0,0.0,7.606,0.0
OC_RD_DJ,2023-11,7.273,248.2,324.3,2.5,0.0,5.029,4.8
OC_RD_DJ,2023-12,2.432,389.6,482.6,0.0,0.0,3.672,0.0
OC_RD_DJ,2024-01,0.276,456.5,549.5,0.0,0.0,2.791,0.0
OC_RD_DJ,2024-02,3.621,330.0,417.0,0.0,0.0,3.866,0.0
OC_RD_DJ,2024-03,6.371,267.5,360.5,0.0,0.0,4.096,0.0
OC_RD_DJ,2024-04,14.891,27.6,97.1,3.8,0.0,7.335,0.0
OC_RD_DJ,2024-05,17.621,8.9,39.2,27.4,0.0,8.814,7.8
OC_RD_DJ,2024-06,23.285,0.0,0.0,158.5,51.6,12.027,65.7
OC_RD_DJ,2024-07,26.181,0.0,0.0,253.6,129.6,18.26,256.1
OC_RD_DJ,2024-08,28.049,0.0,0.0,311.5,187.5,18.999,279.0
OC_RD_DJ,2024-09,25.111,0.0,0.0,213.3,100.3,15.521,166.6
OC_RD_DJ,2024-10,16.146,13.4,62.7,5.2,0.0,8.939,10.7
OC_RD_DJ,2024-11,9.274,174.6,261.8,0.0,0.0,5.606,0.0
OC_RD_DJ,2024-12,1.058,432.2,525.2,0.0,0.0,2.794,0.0
OC_RD_DJ,2025-01,-0.116,468.6,561.6,0.0,0.0,2.472,0.0
OC_RD_DJ,2025-02,-0.708,439.8,523.8,0.0,0.0,2.134,0.0
OC_RD_DJ,2025-03,7.165,247.0,336.8,0.9,0.0,3.99,0.0
OC_RD_DJ,2025-04,13.312,77.5,146.0,5.4,0.0,5.769,1.2
OC_RD_DJ,2025-05,17.252,18.9,57.3,34.1,2.7,8.391,14.9
OC_RD_DJ,2025-06,23.253,0.0,0.0,157.6,49.5,12.659,97.0
OC_RD_DJ,2025-07,27.22,0.0,0.0,285.8,161.8,17.497,232.4
OC_RD_DJ,2025-08,27.085,0.0,0.0,281.6,157.6,18.486,263.1
OC_RD_DJ,2025-09,23.002,0.0,0.0,150.0,47.3,14.545,136.3
OC_RD_DJ,2025-10,16.881,33.3,73.3,38.6,0.5,9.859,42.5
OC_RD_DJ,2025-11,8.373,198.8,288.8,0.0,0.0,4.896,0.0
OC_RD_DJ,2025-12,1.668,413.3,506.3,0.0,0.0,3.081,0.0
OC_RD_DJ,2026-01,-2.047,528.4,621.4,0.0,0.0,1.958,0.0
OC_RD_DJ,2026-02,1.932,365.9,449.9,0.0,0.0,2.9,0.0
OC_RD_DJ,2026-03,7.375,236.4,329.4,0.0,0.0,4.066,0.0
OC_RD_DJ,2026-04,13.883,57.4,125.1,1.6,0.0,5.641,0.0
OC_RD_DJ,2026-05,19.247,5.7,26.6,65.2,12.1,8.612,15.2
OC_RD_DJ,2026-06,23.362,0.0,0.0,160.8,49.2,11.595,56.8
OC_RD_DJ,2026-07,26.703,0.0,0.0,261.1,141.1,18.135,244.0
OC_RD_GC,2022-01,-2.058,528.8,621.8,0.0,0.0,1.841,0.0
OC_RD_GC,2022-02,-1.419,459.7,543.7,0.0,0.0,2.003,0.0
OC_RD_GC,2022-03,5.881,282.7,375.7,0.0,0.0,4.212,0.0
OC_RD_GC,2022-04,12.117,96.6,177.2,0.7,0.0,5.875,0.3
OC_RD_GC,2022-05,17.372,9.0,38.4,18.9,0.0,7.355,0.5
OC_RD_GC,2022-06,22.266,0.0,0.0,128.0,32.9,12.873,94.3
OC_RD_GC,2022-07,25.766,0.0,0.0,240.7,116.7,17.549,234.0
OC_RD_GC,2022-08,24.641,0.0,0.0,205.9,92.1,16.975,217.0
OC_RD_GC,2022-09,21.165,0.0,1.5,96.5,22.7,11.812,64.2
OC_RD_GC,2022-10,13.423,71.2,149.4,7.5,0.0,7.249,8.0
OC_RD_GC,2022-11,8.641,191.0,280.8,0.0,0.0,5.164,0.0
OC_RD_GC,2022-12,-3.014,558.4,651.4,0.0,0.0,1.853,0.0
OC_RD_GC,2023-01,-1.974,526.2,619.2,0.0,0.0,2.173,0.0
OC_RD_GC,2023-02,0.918,394.3,478.3,0.0,0.0,2.618,0.0
OC_RD_GC,2023-03,7.576,230.6,323.1,0.0,0.0,4.035,0.0
OC_RD_GC,2023-04,12.146,92.0,175.6,0.0,0.0,5.611,0.0
OC_RD_GC,2023-05,17.423,12.7,44.0,26.1,0.0,8.777,16.1
OC_RD_GC,2023-06,21.846,0.0,0.0,115.4,25.3,12.845,85.9
OC_RD_GC,2023-07,25.389,0.0,0.0,229.0,105.0,17.849,243.3
OC_RD_GC,2023-08,26.0,0.0,0.0,248.0,124.0,17.846,243.2
OC_RD_GC,2023-09,22.552,0.0,0.0,136.6,36.6,13.988,120.1
OC_RD_GC,2023-10,14.813,28.3,98.8,0.0,0.0,7.705,0.0
OC_RD_GC,2023-11,5.953,285.9,362.7,1.3,0.0,4.75,6.0
OC_RD_GC,2023-12,0.882,437.6,530.6,0.0,0.0,3.269,0.0
OC_RD_GC,2024-01,-0.95,494.4,587.4,0.0,0.0,2.462,0.0
OC_RD_GC,2024-02,2.607,359.4,446.4,0.0,0.0,3.592,0.0
OC_RD_GC,2024-03,5.486,294.9,387.9,0.0,0.0,3.817,0.0
OC_RD_GC,2024-04,13.711,50.2,129.7,1.0,0.0,6.878,0.0
OC_RD_GC,2024-05,16.551,11.2,53.3,8.4,0.0,8.574,4.5
OC_RD_GC,2024-06,22.786,0.0,0.0,143.6,39.1,11.894,63.6
OC_RD_GC,2024-07,25.665,0.0,0.0,237.6,113.6,18.244,255.6
OC_RD_GC,2024-08,27.905,0.0,0.0,307.1,183.1,19.619,298.2
OC_RD_GC,2024-09,24.283,0.0,0.0,188.5,77.7,15.465,165.0
OC_RD_GC,2024-10,15.755,14.2,72.5,2.9,0.0,8.474,3.3
OC_RD_GC,2024-11,8.577,196.4,282.7,0.0,0.0,5.268,0.0
OC_RD_GC,2024-12,-0.044,466.4,559.4,0.0,0.0,2.383,0.0
OC_RD_GC,2025-01,-1.249,503.7,596.7,0.0,0.0,2.256,0.0
OC_RD_GC,2025-02,-1.889,472.9,556.9,0.0,0.0,1.965,0.0
OC_RD_GC,2025-03,5.927,282.0,374.3,0.0,0.0,3.838,0.0
OC_RD_GC,2025-04,11.411,116.2,197.9,0.2,0.0,5.947,0.0
OC_RD_GC,2025-05,16.06,29.6,76.3,16.2,0.0,8.637,12.4
OC_RD_GC,2025-06,22.222,0.0,0.0,126.7,29.5,12.927,95.0
OC_RD_GC,2025-07,27.019,0.0,0.0,279.6,155.6,18.077,250.4
OC_RD_GC,2025-08,26.578,0.0,0.0,265.9,141.9,18.923,276.6
OC_RD_GC,2025-09,22.521,0.0,0.0,135.6,36.5,14.063,121.9
OC_RD_GC,2025-10,16.188,41.8,84.7,28.5,0.0,9.39,33.5
OC_RD_GC,2025-11,7.764,217.1,307.1,0.0,0.0,4.696,0.0
OC_RD_GC,2025-12,0.402,452.5,545.5,0.0,0.0,2.767,0.0
OC_RD_GC,2026-01,-3.591,576.3,669.3,0.0,0.0,1.636,0.0
OC_RD_GC,2026-02,1.118,388.7,472.7,0.0,0.0,2.783,0.0
OC_RD_GC,2026-03,5.926,281.3,374.3,0.0,0.0,3.992,0.0
OC_RD_GC,2026-04,12.9,75.5,153.0,0.0,0.0,5.655,0.0
OC_RD_GC,2026-05,17.899,8.8,43.8,40.6,2.0,9.015,15.9
OC_RD_GC,2026-06,22.448,0.0,0.0,133.4,31.5,12.028,63.7
OC_RD_GC,2026-07,25.894,0.0,0.0,236.8,116.8,18.341,250.2
OC_RD_MG,2022-01,-2.598,545.5,638.5,0.0,0.0,1.766,0.0
OC_RD_MG,2022-02,-1.713,468.0,552.0,0.0,0.0,1.984,0.0
OC_RD_MG,2022-03,5.524,293.8,386.8,0.0,0.0,4.155,0.0
OC_RD_MG,2022-04,11.878,102.2,184.2,0.5,0.0,6.001,0.5
OC_RD_MG,2022-05,16.987,10.1,43.1,11.7,0.0,7.687,1.6
OC_RD_MG,2022-06,21.923,0.0,0.2,117.9,24.1,13.013,96.3
OC_RD_MG,2022-07,25.833,0.0,0.0,242.8,118.8,17.803,241.9
OC_RD_MG,2022-08,24.537,0.0,0.0,202.7,88.2,16.973,216.8
OC_RD_MG,2022-09,20.948,0.0,2.3,90.8,19.1,11.966,66.9
OC_RD_MG,2022-10,13.037,79.2,160.0,6.2,0.0,7.229,8.8
OC_RD_MG,2022-11,8.334,200.0,290.0,0.0,0.0,5.24,0.0
OC_RD_MG,2022-12,-3.592,576.4,669.4,0.0,0.0,1.813,0.0
OC_RD_MG,2023-01,-2.423,540.1,633.1,0.0,0.0,2.109,0.0
OC_RD_MG,2023-02,0.542,404.8,488.8,0.0,0.0,2.574,0.0
OC_RD_MG,2023-03,7.137,243.8,336.8,0.0,0.0,4.153,0.0
OC_RD_MG,2023-04,11.8,99.7,186.0,0.0,0.0,5.724,0.0
OC_RD_MG,2023-05,17.183,11.2,45.5,20.1,0.0,9.097,17.1
OC_RD_MG,2023-06,21.704,0.0,0.0,111.1,23.0,13.233,97.0
OC_RD_MG,2023-07,25.308,0.0,0.0,226.6,102.5,17.985,247.5
OC_RD_MG,2023-08,25.941,0.0,0.0,246.2,122.2,17.953,246.5
OC_RD_MG,2023-09,22.532,0.0,0.0,136.0,36.5,14.107,123.4
OC_RD_MG,2023-10,14.845,27.2,97.8,0.0,0.0,7.955,0.0
OC_RD_MG,2023-11,5.599,295.0,372.8,0.8,0.0,4.7,5.9
OC_RD_MG,2023-12,0.373,453.4,546.4,0.0,0.0,3.158,0.0
OC_RD_MG,2024-01,-1.377,507.7,600.7,0.0,0.0,2.386,0.0
OC_RD_MG,2024-02,2.144,372.8,459.8,0.0,0.0,3.501,0.0
OC_RD_MG,2024-03,5.257,302.0,395.0,0.0,0.0,3.823,0.0
OC_RD_MG,2024-04,13.638,51.6,131.0,0.2,0.0,7.087,0.0
OC_RD_MG,2024-05,16.383,12.7,57.5,7.3,0.0,8.839,5.6
OC_RD_MG,2024-06,22.585,0.0,0.0,137.5,32.9,12.425,77.7
OC_RD_MG,2024-07,25.44,0.0,0.0,230.6,106.6,18.279,256.7
OC_RD_MG,2024-08,27.858,0.0,0.0,305.6,181.6,19.914,307.3
OC_RD_MG,2024-09,24.043,0.0,0.0,181.3,72.3,15.577,168.0
OC_RD_MG,2024-10,15.515,16.1,79.0,2.0,0.0,8.479,1.7
OC_RD_MG,2024-11,8.208,206.3,293.7,0.0,0.0,5.223,0.2
OC_RD_MG,2024-12,-0.474,479.7,572.7,0.0,0.0,2.335,0.0
OC_RD_MG,2025-01,-1.654,516.3,609.3,0.0,0.0,2.213,0.0
OC_RD_MG,2025-02,-2.156,480.4,564.4,0.0,0.0,1.956,0.0
OC_RD_MG,2025-03,5.503,294.4,387.4,0.0,0.0,3.84,0.0
OC_RD_MG,2025-04,11.032,123.8,209.0,0.0,0.0,6.072,0.0
OC_RD_MG,2025-05,15.839,29.0,81.1,14.1,0.0,8.837,12.2
OC_RD_MG,2025-06,21.911,0.0,0.0,117.3,22.8,13.163,99.0
OC_RD_MG,2025-07,26.769,0.0,0.0,271.8,147.8,18.482,262.9
OC_RD_MG,2025-08,26.63,0.0,0.0,267.5,143.5,19.061,280.9
OC_RD_MG,2025-09,22.478,0.0,0.0,134.3,36.0,14.175,125.2
OC_RD_MG,2025-10,15.864,46.4,91.3,25.0,0.0,9.285,31.7
OC_RD_MG,2025-11,7.559,223.2,313.2,0.0,0.0,4.795,0.0
OC_RD_MG,2025-12,-0.023,465.7,558.7,0.0,0.0,2.741,0.0
OC_RD_MG,2026-01,-4.154,593.8,686.8,0.0,0.0,1.576,0.0
OC_RD_MG,2026-02,0.684,400.8,484.8,0.0,0.0,2.768,0.0
OC_RD_MG,2026-03,5.852,283.6,376.6,0.0,0.0,4.063,0.0
OC_RD_MG,2026-04,12.825,76.2,155.2,0.0,0.0,5.891,0.0
OC_RD_MG,2026-05,17.786,9.3,47.4,40.7,1.8,9.328,18.7
OC_RD_MG,2026-06,22.539,0.0,0.0,136.2,34.1,12.36,72.3
OC_RD_MG,2026-07,25.666,0.0,0.0,230.0,110.0,18.413,252.4
OC_RD_SC,2022-01,-2.419,540.0,633.0,0.0,0.0,1.792,0.0
OC_RD_SC,2022-02,-1.544,463.2,547.2,0.0,0.0,1.971,0.0
OC_RD_SC,2022-03,5.842,283.9,376.9,0.0,0.0,4.222,0.0
OC_RD_SC,2022-04,12.225,95.0,174.3,1.0,0.0,5.975,0.4
OC_RD_SC,2022-05,17.381,9.0,38.3,19.1,0.0,7.509,0.9
OC_RD_SC,2022-06,22.391,0.0,0.0,131.7,34.9,13.026,98.4
OC_RD_SC,2022-07,25.984,0.0,0.0,247.5,123.5,17.848,243.3
OC_RD_SC,2022-08,24.68,0.0,0.0,207.1,92.9,17.144,222.0
OC_RD_SC,2022-09,21.117,0.0,2.2,95.7,21.3,11.979,67.6
OC_RD_SC,2022-10,13.241,76.2,154.8,7.3,0.0,7.34,8.8
OC_RD_SC,2022-11,8.439,196.9,286.8,0.0,0.0,5.199,0.0
OC_RD_SC,2022-12,-3.447,571.9,664.9,0.0,0.0,1.814,0.0
OC_RD_SC,2023-01,-2.231,534.2,627.2,0.0,0.0,2.122,0.0
OC_RD_SC,2023-02,0.755,398.9,482.9,0.0,0.0,2.605,0.0
OC_RD_SC,2023-03,7.517,232.6,325.0,0.0,0.0,4.09,0.0
OC_RD_SC,2023-04,12.119,92.0,176.4,0.0,0.0,5.704,0.0
OC_RD_SC,2023-05,17.617,11.3,39.6,27.7,0.0,8.975,17.4
OC_RD_SC,2023-06,22.012,0.0,0.0,120.4,27.7,13.124,93.9
OC_RD_SC,2023-07,25.519,0.0,0.0,233.1,109.1,18.054,249.7
OC_RD_SC,2023-08,26.152,0.0,0.0,252.7,128.7,18.064,250.0
OC_RD_SC,2023-09,22.59,0.0,0.0,137.7,37.8,14.154,124.7
OC_RD_SC,2023-10,14.706,29.5,102.1,0.0,0.0,7.855,0.0
OC_RD_SC,2023-11,5.677,293.8,370.9,1.2,0.0,4.741,6.2
OC_RD_SC,2023-12,0.556,447.8,540.8,0.0,0.0,3.213,0.0
OC_RD_SC,2024-01,-1.233,503.2,596.2,0.0,0.0,2.411,0.0
OC_RD_SC,2024-02,2.299,368.3,455.3,0.0,0.0,3.558,0.0
OC_RD_SC,2024-03,5.399,297.6,390.6,0.0,0.0,3.822,0.0
OC_RD_SC,2024-04,13.909,46.6,124.0,1.3,0.0,7.012,0.0
OC_RD_SC,2024-05,16.673,12.0,52.5,11.3,0.0,8.741,5.7
OC_RD_SC,2024-06,23.068,0.0,0.0,152.0,44.5,12.116,69.2
OC_RD_SC,2024-07,25.705,0.0,0.0,238.9,114.9,18.4,260.4
OC_RD_SC,2024-08,27.978,0.0,0.0,309.3,185.3,19.912,307.3
OC_RD_SC,2024-09,24.192,0.0,0.0,185.8,76.5,15.651,170.3
OC_RD_SC,2024-10,15.621,16.0,75.4,1.7,0.0,8.553,2.6
OC_RD_SC,2024-11,8.254,204.8,292.4,0.0,0.0,5.292,0.1
OC_RD_SC,2024-12,-0.459,479.2,572.2,0.0,0.0,2.33,0.0
OC_RD_SC,2025-01,-1.528,512.4,605.4,0.0,0.0,2.214,0.0
OC_RD_SC,2025-02,-2.002,476.1,560.1,0.0,0.0,1.939,0.0
OC_RD_SC,2025-03,5.761,286.5,379.4,0.0,0.0,3.856,0.0
OC_RD_SC,2025-04,11.342,116.9,200.4,0.7,0.0,6.04,0.0
OC_RD_SC,2025-05,16.131,28.6,75.9,17.9,0.0,8.858,14.1
OC_RD_SC,2025-06,22.317,0.0,0.0,129.5,31.5,13.176,100.6
OC_RD_SC,2025-07,27.064,0.0,0.0,281.0,157.0,18.452,262.0
OC_RD_SC,2025-08,26.675,0.0,0.0,268.9,144.9,19.128,283.0
OC_RD_SC,2025-09,22.522,0.0,0.0,135.7,37.0,14.258,127.7
OC_RD_SC,2025-10,16.091,44.2,87.4,28.2,0.0,9.439,34.1
OC_RD_SC,2025-11,7.542,223.7,313.7,0.0,0.0,4.738,0.0
OC_RD_SC,2025-12,-0.089,467.8,560.8,0.0,0.0,2.719,0.0
OC_RD_SC,2026-01,-3.962,587.8,680.8,0.0,0.0,1.577,0.0
OC_RD_SC,2026-02,0.838,396.5,480.5,0.0,0.0,2.751,0.0
OC_RD_SC,2026-03,6.033,278.0,371.0,0.0,0.0,4.041,0.0
OC_RD_SC,2026-04,13.027,74.2,149.2,0.0,0.0,5.784,0.0
OC_RD_SC,2026-05,18.058,8.2,42.8,44.6,2.4,9.231,18.7
OC_RD_SC,2026-06,22.718,0.0,0.0,141.5,37.7,12.284,70.6
OC_RD_SC,2026-07,25.921,0.0,0.0,237.6,117.6,18.507,255.2
OT,2022-01,-5.25,627.7,720.7,0.0,0.0,1.849,0.0
OT,2022-02,-3.246,510.9,594.9,0.0,0.0,2.403,0.0
OT,2022-03,2.91,374.8,467.8,0.0,0.0,3.489,0.0
OT,2022-04,7.19,238.4,324.7,0.4,0.0,4.547,0.0
OT,2022-05,16.223,37.6,85.0,29.9,3.7,8.455,18.1
OT,2022-06,21.171,0.0,4.7,99.8,30.4,10.044,31.5
OT,2022-07,23.58,0.0,0.0,173.0,54.7,11.808,62.7
OT,2022-08,23.298,0.0,0.0,164.2,49.4,12.385,78.3
OT,2022-09,19.417,13.9,36.2,78.7,14.7,9.966,32.8
OT,2022-10,11.509,113.4,201.2,0.0,0.0,5.57,0.0
OT,2022-11,6.206,266.3,353.8,0.0,0.0,4.356,0.0
OT,2022-12,0.094,462.1,555.1,0.0,0.0,3.02,0.0
OT,2023-01,0.557,447.7,540.7,0.0,0.0,3.357,0.0
OT,2023-02,0.207,414.2,498.2,0.0,0.0,2.841,0.0
OT,2023-03,2.184,397.3,490.3,0.0,0.0,3.267,0.0
OT,2023-04,9.407,178.2,257.8,0.0,0.0,5.289,0.0
OT,2023-05,14.138,61.7,128.3,8.6,0.0,6.646,0.4
OT,2023-06,19.888,0.0,10.6,67.2,7.4,9.591,23.2
OT,2023-07,22.952,0.0,0.0,153.5,34.9,13.049,95.6
OT,2023-08,21.218,0.0,3.6,103.4,14.9,11.709,61.8
OT,2023-09,19.043,0.0,12.6,43.9,12.0,10.581,31.1
OT,2023-10,12.711,106.5,175.9,11.9,0.0,7.135,9.5
OT,2023-11,5.056,298.3,388.3,0.0,0.0,3.965,0.0
OT,2023-12,3.754,348.6,441.6,0.0,0.0,4.133,0.0
OT,2024-01,-2.645,547.0,640.0,0.0,0.0,2.805,0.0
OT,2024-02,1.465,392.5,479.5,0.0,0.0,3.216,0.0
OT,2024-03,4.958,311.3,404.3,0.0,0.0,3.937,0.0
OT,2024-04,10.529,146.8,227.2,3.1,0.0,5.772,2.8
OT,2024-05,17.301,12.0,50.9,29.2,2.5,8.902,15.8
OT,2024-06,21.856,0.0,5.9,121.6,42.1,11.645,69.2
OT,2024-07,22.934,0.0,0.2,153.1,41.4,13.057,98.0
OT,2024-08,22.35,0.0,2.1,136.9,39.8,12.602,92.8
OT,2024-09,20.243,0.7,7.9,75.2,3.4,10.754,38.7
OT,2024-10,13.677,69.9,139.4,5.4,0.0,6.731,2.6
OT,2024-11,8.297,206.9,291.3,0.2,0.0,5.398,0.3
OT,2024-12,0.46,450.7,543.7,0.0,0.0,3.219,0.0
OT,2025-01,-4.703,610.8,703.8,0.0,0.0,1.897,0.0
OT,2025-02,-3.901,529.2,613.2,0.0,0.0,2.247,0.0
OT,2025-03,4.966,311.9,404.1,0.0,0.0,3.902,0.0
OT,2025-04,9.261,182.8,263.6,1.4,0.0,5.194,0.0
OT,2025-05,13.864,57.5,132.6,4.3,0.0,7.449,4.8
OT,2025-06,21.668,1.7,7.4,117.4,43.4,12.188,82.6
OT,2025-07,24.501,0.0,0.0,201.5,83.9,14.223,131.8
OT,2025-08,21.968,0.0,5.9,128.9,43.6,11.756,75.0
OT,2025-09,19.31,0.2,10.7,50.0,0.0,9.946,20.4
OT,2025-10,13.599,83.1,150.9,14.5,0.3,7.077,5.4
OT,2025-11,4.901,303.0,393.0,0.0,0.0,3.93,0.0
OT,2025-12,-2.582,545.0,638.0,0.0,0.0,2.488,0.0
OT,2026-01,-5.921,648.6,741.6,0.0,0.0,2.061,0.0
OT,2026-02,-3.105,506.9,590.9,0.0,0.0,2.536,0.0
OT,2026-03,4.296,333.4,424.8,0.0,0.0,4.139,0.0
OT,2026-04,11.108,135.0,209.7,2.9,0.0,6.539,5.1
OT,2026-05,14.061,67.4,135.6,13.4,0.5,7.188,8.8
OT,2026-06,20.851,0.0,1.7,87.2,22.4,10.843,46.3
OT,2026-07,24.436,0.0,0.0,193.1,79.0,13.669,114.7
WA,2022-01,1.906,405.9,498.9,0.0,0.0,3.661,0.0
WA,2022-02,4.125,304.5,388.5,0.0,0.0,3.792,0.0
WA,2022-03,3.734,349.2,442.2,0.0,0.0,3.229,0.0
WA,2022-04,7.599,222.0,312.0,0.0,0.0,4.482,0.0
WA,2022-05,15.375,22.1,89.3,8.0,0.0,6.551,0.0
WA,2022-06,19.829,0.0,12.0,66.9,15.3,9.41,16.7
WA,2022-07,20.451,0.0,10.4,86.4,24.5,8.646,8.5
WA,2022-08,20.814,0.0,5.6,92.8,22.1,10.834,43.7
WA,2022-09,13.6,65.3,133.2,1.2,0.0,7.45,1.5
WA,2022-10,12.58,78.9,168.0,0.0,0.0,7.379,0.0
WA,2022-11,5.484,285.5,375.5,0.0,0.0,4.937,0.0
WA,2022-12,1.571,416.3,509.3,0.0,0.0,3.747,0.0
WA,2023-01,3.58,354.0,447.0,0.0,0.0,4.185,0.0
WA,2023-02,2.606,347.0,431.0,0.0,0.0,3.737,0.0
WA,2023-03,5.61,291.1,384.1,0.0,0.0,4.333,0.0
WA,2023-04,7.771,216.9,306.9,0.0,0.0,5.011,0.0
WA,2023-05,13.264,66.1,147.4,0.6,0.0,6.315,0.0
WA,2023-06,19.015,2.1,19.9,50.3,8.2,8.695,10.3
WA,2023-07,20.729,0.0,2.6,87.2,11.5,9.592,13.3
WA,2023-08,20.037,0.7,22.7,85.8,18.4,11.138,49.6
WA,2023-09,18.681,0.1,11.4,31.8,0.2,9.834,11.9
WA,2023-10,12.765,88.5,164.2,1.9,0.0,7.201,0.0
WA,2023-11,5.413,287.6,377.6,0.0,0.0,4.704,0.0
WA,2023-12,2.942,373.8,466.8,0.0,0.0,4.079,0.0
WA,2024-01,0.632,445.4,538.4,0.0,0.0,3.293,0.0
WA,2024-02,6.858,236.1,323.1,0.0,0.0,5.115,0.0
WA,2024-03,8.427,205.8,296.8,0.0,0.0,5.103,0.0
WA,2024-04,11.56,125.5,196.5,3.3,0.0,5.992,0.0
WA,2024-05,16.823,9.8,45.6,9.1,0.0,7.647,0.8
WA,2024-06,19.493,1.0,17.0,61.8,13.8,9.833,22.2
WA,2024-07,21.14,0.0,1.9,99.2,15.8,10.724,37.7
WA,2024-08,21.204,0.0,1.0,100.3,19.4,11.036,40.7
WA,2024-09,17.354,22.2,64.3,44.9,13.8,8.611,3.6
WA,2024-10,11.398,112.8,204.7,0.0,0.0,6.666,0.0
WA,2024-11,4.574,312.8,402.8,0.0,0.0,4.465,0.0
WA,2024-12,2.449,389.1,482.1,0.0,0.0,3.926,0.0
WA,2025-01,2.25,395.2,488.2,0.0,0.0,3.728,0.0
WA,2025-02,0.817,397.1,481.1,0.0,0.0,3.141,0.0
WA,2025-03,6.13,275.0,368.0,0.0,0.0,4.323,0.0
WA,2025-04,11.425,118.0,199.3,2.0,0.0,5.932,0.0
WA,2025-05,12.32,95.4,178.4,2.3,0.0,6.126,0.7
WA,2025-06,19.006,1.4,18.4,48.5,3.0,9.319,11.9
WA,2025-07,19.473,0.0,9.7,55.4,6.5,9.954,16.4
WA,2025-08,19.155,0.9,18.7,54.5,9.6,9.301,14.0
WA,2025-09,15.933,31.4,79.6,17.6,0.0,8.566,4.6
WA,2025-10,9.603,167.3,260.3,0.0,0.0,5.945,0.0
WA,2025-11,4.312,320.7,410.6,0.0,0.0,4.6,0.0
WA,2025-12,2.377,391.3,484.3,0.0,0.0,4.109,0.0
WA,2026-01,-1.642,515.9,608.9,0.0,0.0,2.715,0.0
WA,2026-02,1.029,391.2,475.2,0.0,0.0,3.559,0.0
WA,2026-03,6.715,256.8,349.8,0.0,0.0,4.343,0.0
WA,2026-04,8.772,186.8,276.8,0.0,0.0,4.274,0.0
WA,2026-05,15.52,41.7,92.6,15.7,0.0,6.824,0.0
WA,2026-06,20.536,2.8,24.4,100.4,44.5,9.615,24.7
WA,2026-07,19.662,0.0,7.4,57.2,9.1,9.496,16.6
